municipality_code,municipality_name,geography_level,age_code,age_band,income_code,income_band,population_15plus,population_municipality_age,estimated_count,p_age_income_given_municipality,p_income_given_municipality_age,p_age_given_municipality,p_age_income_given_municipality_without_tax_proxy
01100,札幌市,municipality,01,15～19歳,I01,50万円未満（就業収入なしを含む）,1758009,85534,76020.65,0.043242469,0.88877697,0.048653903,0.043323695
01100,札幌市,municipality,01,15～19歳,I02,50～100万円未満,1758009,85534,5389.0703,0.0030654395,0.063005007,0.048653903,0.0030552519
01100,札幌市,municipality,01,15～19歳,I03,100～150万円未満,1758009,85534,1434.9302,0.0008162246,0.016776138,0.048653903,0.00079937626
01100,札幌市,municipality,01,15～19歳,I04,150～200万円未満,1758009,85534,972.89643,0.0005534081,0.011374382,0.048653903,0.000536822
01100,札幌市,municipality,01,15～19歳,I05,200～250万円未満,1758009,85534,1235.0723,0.00070254038,0.014439548,0.048653903,0.00067687244
01100,札幌市,municipality,01,15～19歳,I06,250～300万円未満,1758009,85534,274.45919,0.00015611933,0.003208773,0.048653903,0.00014989547
01100,札幌市,municipality,01,15～19歳,I07,300～400万円未満,1758009,85534,206.92195,0.00011770244,0.0024191778,0.048653903,0.00011198994
01100,札幌市,municipality,01,15～19歳,I08,400～500万円未満,1758009,85534,0,0,0,0.048653903,0
01100,札幌市,municipality,01,15～19歳,I09,500～600万円未満,1758009,85534,0,0,0,0.048653903,0
01100,札幌市,municipality,01,15～19歳,I10,600～700万円未満,1758009,85534,0,0,0,0.048653903,0
01100,札幌市,municipality,01,15～19歳,I11,700～800万円未満,1758009,85534,0,0,0,0.048653903,0
01100,札幌市,municipality,01,15～19歳,I12,800～900万円未満,1758009,85534,0,0,0,0.048653903,0
01100,札幌市,municipality,01,15～19歳,I13,900～1000万円未満,1758009,85534,0,0,0,0.048653903,0
01100,札幌市,municipality,01,15～19歳,I14,1000～1250万円未満,1758009,85534,0,0,0,0.048653903,0
01100,札幌市,municipality,01,15～19歳,I15,1250～1500万円未満,1758009,85534,0,0,0,0.048653903,0
01100,札幌市,municipality,01,15～19歳,I16,1500万円以上,1758009,85534,0,0,0,0.048653903,0
01100,札幌市,municipality,02,20～24歳,I01,50万円未満（就業収入なしを含む）,1758009,100972,39578.035,0.022512988,0.3919704,0.057435428,0.022713427
01100,札幌市,municipality,02,20～24歳,I02,50～100万円未満,1758009,100972,9231.5684,0.0052511497,0.091427014,0.057435428,0.005363777
01100,札幌市,municipality,02,20～24歳,I03,100～150万円未満,1758009,100972,4673.8503,0.0026586043,0.046288578,0.057435428,0.002678616
01100,札幌市,municipality,02,20～24歳,I04,150～200万円未満,1758009,100972,8784.458,0.004996822,0.08699895,0.057435428,0.0049858723
01100,札幌市,municipality,02,20～24歳,I05,200～250万円未満,1758009,100972,15026.827,0.0085476396,0.14882173,0.057435428,0.008472728
01100,札幌市,municipality,02,20～24歳,I06,250～300万円未満,1758009,100972,10738.838,0.0061085228,0.10635461,0.057435428,0.0060237965
01100,札幌市,municipality,02,20～24歳,I07,300～400万円未満,1758009,100972,9901.3443,0.0056321352,0.098060297,0.057435428,0.0055197336
01100,札幌市,municipality,02,20～24歳,I08,400～500万円未満,1758009,100972,2400.5419,0.001365489,0.023774333,0.057435428,0.0013294763
01100,札幌市,municipality,02,20～24歳,I09,500～600万円未満,1758009,100972,123.16497,7.0059352e-05,0.0012197933,0.057435428,6.7855044e-05
01100,札幌市,municipality,02,20～24歳,I10,600～700万円未満,1758009,100972,164.60483,9.363139e-05,0.0016302027,0.057435428,9.0273535e-05
01100,札幌市,municipality,02,20～24歳,I11,700～800万円未満,1758009,100972,199.58903,0.00011353129,0.001976677,0.057435428,0.00010911313
01100,札幌市,municipality,02,20～24歳,I12,800～900万円未満,1758009,100972,0,0,0,0.057435428,0
01100,札幌市,municipality,02,20～24歳,I13,900～1000万円未満,1758009,100972,0,0,0,0.057435428,0
01100,札幌市,municipality,02,20～24歳,I14,1000～1250万円未満,1758009,100972,149.17805,8.4856247e-05,0.0014774199,0.057435428,8.0759735e-05
01100,札幌市,municipality,02,20～24歳,I15,1250～1500万円未満,1758009,100972,0,0,0,0.057435428,0
01100,札幌市,municipality,02,20～24歳,I16,1500万円以上,1758009,100972,0,0,0,0.057435428,0
01100,札幌市,municipality,03,25～29歳,I01,50万円未満（就業収入なしを含む）,1758009,102396,19091.306,0.010859618,0.18644582,0.058245436,0.010953835
01100,札幌市,municipality,03,25～29歳,I02,50～100万円未満,1758009,102396,5429.5236,0.0030884504,0.053024762,0.058245436,0.0031767407
01100,札幌市,municipality,03,25～29歳,I03,100～150万円未満,1758009,102396,6607.8254,0.0037586983,0.064532066,0.058245436,0.0038170298
01100,札幌市,municipality,03,25～29歳,I04,150～200万円未満,1758009,102396,7945.1939,0.0045194273,0.077592815,0.058245436,0.0045478152
01100,札幌市,municipality,03,25～29歳,I05,200～250万円未満,1758009,102396,12612.596,0.0071743637,0.12317469,0.058245436,0.0071822738
01100,札幌市,municipality,03,25～29歳,I06,250～300万円未満,1758009,102396,11947.683,0.0067961444,0.11668115,0.058245436,0.0067774672
01100,札幌市,municipality,03,25～29歳,I07,300～400万円未満,1758009,102396,23243.817,0.013221671,0.22699927,0.058245436,0.013105431
01100,札幌市,municipality,03,25～29歳,I08,400～500万円未満,1758009,102396,11214.382,0.006379024,0.10951972,0.058245436,0.0062865969
01100,札幌市,municipality,03,25～29歳,I09,500～600万円未満,1758009,102396,3175.2398,0.0018061568,0.031009413,0.058245436,0.0017730649
01100,札幌市,municipality,03,25～29歳,I10,600～700万円未満,1758009,102396,658.31548,0.0003744665,0.0064291133,0.058245436,0.00036643507
01100,札幌市,municipality,03,25～29歳,I11,700～800万円未満,1758009,102396,249.97704,0.00014219327,0.0024412774,0.058245436,0.00013792619
01100,札幌市,municipality,03,25～29歳,I12,800～900万円未満,1758009,102396,0,0,0,0.058245436,0
01100,札幌市,municipality,03,25～29歳,I13,900～1000万円未満,1758009,102396,0,0,0,0.058245436,0
01100,札幌市,municipality,03,25～29歳,I14,1000～1250万円未満,1758009,102396,220.14107,0.00012522181,0.0021498991,0.058245436,0.00012081914
01100,札幌市,municipality,03,25～29歳,I15,1250～1500万円未満,1758009,102396,0,0,0,0.058245436,0
01100,札幌市,municipality,03,25～29歳,I16,1500万円以上,1758009,102396,0,0,0,0.058245436,0
01100,札幌市,municipality,04,30～34歳,I01,50万円未満（就業収入なしを含む）,1758009,109803,23421.208,0.013322575,0.21330207,0.062458725,0.013437708
01100,札幌市,municipality,04,30～34歳,I02,50～100万円未満,1758009,109803,5465.5483,0.0031089422,0.049775947,0.062458725,0.0031998697
01100,札幌市,municipality,04,30～34歳,I03,100～150万円未満,1758009,109803,6857.9735,0.0039009888,0.062457068,0.062458725,0.0039573486
01100,札幌市,municipality,04,30～34歳,I04,150～200万円未満,1758009,109803,7523.4548,0.0042795314,0.068517753,0.062458725,0.0043121087
01100,札幌市,municipality,04,30～34歳,I05,200～250万円未満,1758009,109803,11069.499,0.0062966112,0.10081236,0.062458725,0.0063087155
01100,札幌市,municipality,04,30～34歳,I06,250～300万円未満,1758009,109803,8127.1598,0.0046229341,0.074015827,0.062458725,0.0046159438
01100,札幌市,municipality,04,30～34歳,I07,300～400万円未満,1758009,109803,18165.012,0.010332719,0.16543275,0.062458725,0.010254795
01100,札幌市,municipality,04,30～34歳,I08,400～500万円未満,1758009,109803,17474.754,0.0099400819,0.15914641,0.062458725,0.0098323999
01100,札幌市,municipality,04,30～34歳,I09,500～600万円未満,1758009,109803,7442.5254,0.0042334967,0.06778071,0.062458725,0.004172809
01100,札幌市,municipality,04,30～34歳,I10,600～700万円未満,1758009,109803,1517.7549,0.0008633374,0.013822527,0.062458725,0.00084900374
01100,札幌市,municipality,04,30～34歳,I11,700～800万円未満,1758009,109803,1455.1642,0.00082773419,0.013252499,0.062458725,0.00081075437
01100,札幌市,municipality,04,30～34歳,I12,800～900万円未満,1758009,109803,143.24794,8.1483051e-05,0.0013045904,0.062458725,7.931453e-05
01100,札幌市,municipality,04,30～34歳,I13,900～1000万円未満,1758009,109803,702.42998,0.00039955994,0.0063971838,0.062458725,0.00038897415
01100,札幌市,municipality,04,30～34歳,I14,1000～1250万円未満,1758009,109803,189.72186,0.00010791859,0.0017278386,0.062458725,0.00010465186
01100,札幌市,municipality,04,30～34歳,I15,1250～1500万円未満,1758009,109803,247.54674,0.00014081085,0.0022544625,0.062458725,0.0001343277
01100,札幌市,municipality,04,30～34歳,I16,1500万円以上,1758009,109803,0,0,0,0.062458725,0
01100,札幌市,municipality,05,35～39歳,I01,50万円未満（就業収入なしを含む）,1758009,122361,27231.3,0.015489852,0.22254885,0.069602033,0.015648789
01100,札幌市,municipality,05,35～39歳,I02,50～100万円未満,1758009,122361,7568.8764,0.0043053684,0.061856935,0.069602033,0.0044220221
01100,札幌市,municipality,05,35～39歳,I03,100～150万円未満,1758009,122361,10048.89,0.005716063,0.082124943,0.069602033,0.0057985467
01100,札幌市,municipality,05,35～39歳,I04,150～200万円未満,1758009,122361,6723.5718,0.0038245378,0.05494865,0.069602033,0.0038593978
01100,札幌市,municipality,05,35～39歳,I05,200～250万円未満,1758009,122361,10049.978,0.0057166815,0.08213383,0.069602033,0.0057153735
01100,札幌市,municipality,05,35～39歳,I06,250～300万円未満,1758009,122361,8064.1477,0.0045870912,0.065904558,0.069602033,0.0045746483
01100,札幌市,municipality,05,35～39歳,I07,300～400万円未満,1758009,122361,15430.963,0.0087775222,0.12611014,0.069602033,0.0087253688
01100,札幌市,municipality,05,35～39歳,I08,400～500万円未満,1758009,122361,14348.205,0.0081616218,0.11726126,0.069602033,0.0080789218
01100,札幌市,municipality,05,35～39歳,I09,500～600万円未満,1758009,122361,10665.908,0.0060670385,0.087167547,0.069602033,0.005981055
01100,札幌市,municipality,05,35～39歳,I10,600～700万円未満,1758009,122361,5674.492,0.0032277946,0.046375005,0.069602033,0.0031663501
01100,札幌市,municipality,05,35～39歳,I11,700～800万円未満,1758009,122361,1725.8278,0.00098169449,0.014104394,0.069602033,0.00096318512
01100,札幌市,municipality,05,35～39歳,I12,800～900万円未満,1758009,122361,2383.061,0.0013555454,0.019475658,0.069602033,0.0013235913
01100,札幌市,municipality,05,35～39歳,I13,900～1000万円未満,1758009,122361,563.45493,0.00032050742,0.0046048572,0.069602033,0.00031246481
01100,札幌市,municipality,05,35～39歳,I14,1000～1250万円未満,1758009,122361,621.30618,0.00035341468,0.0050776488,0.069602033,0.00034113956
01100,札幌市,municipality,05,35～39歳,I15,1250～1500万円未満,1758009,122361,555.22251,0.00031582461,0.0045375774,0.069602033,0.00030521173
01100,札幌市,municipality,05,35～39歳,I16,1500万円以上,1758009,122361,705.79655,0.00040147493,0.0057681495,0.069602033,0.00038596708
01100,札幌市,municipality,06,40～44歳,I01,50万円未満（就業収入なしを含む）,1758009,138995,27644.894,0.015725115,0.19889129,0.079063873,0.015854421
01100,札幌市,municipality,06,40～44歳,I02,50～100万円未満,1758009,138995,10397.286,0.0059142394,0.074803311,0.079063873,0.0060833749
01100,札幌市,municipality,06,40～44歳,I03,100～150万円未満,1758009,138995,12098.448,0.0068819031,0.087042323,0.079063873,0.0069855129
01100,札幌市,municipality,06,40～44歳,I04,150～200万円未満,1758009,138995,6196.1023,0.0035244997,0.044577879,0.079063873,0.0035489198
01100,札幌市,municipality,06,40～44歳,I05,200～250万円未満,1758009,138995,9302.0141,0.005291221,0.066923372,0.079063873,0.0053055768
01100,札幌市,municipality,06,40～44歳,I06,250～300万円未満,1758009,138995,8911.4609,0.0050690645,0.064113536,0.079063873,0.005064551
01100,札幌市,municipality,06,40～44歳,I07,300～400万円未満,1758009,138995,15321.04,0.008714995,0.11022727,0.079063873,0.0086708636
01100,札幌市,municipality,06,40～44歳,I08,400～500万円未満,1758009,138995,14038.63,0.0079855282,0.10100097,0.079063873,0.0079216903
01100,札幌市,municipality,06,40～44歳,I09,500～600万円未満,1758009,138995,13336.594,0.0075861921,0.095950171,0.079063873,0.0075043193
01100,札幌市,municipality,06,40～44歳,I10,600～700万円未満,1758009,138995,7786.1438,0.0044289556,0.056017438,0.079063873,0.0043672042
01100,札幌市,municipality,06,40～44歳,I11,700～800万円未満,1758009,138995,6502.9274,0.0036990297,0.046785334,0.079063873,0.0036299859
01100,札幌市,municipality,06,40～44歳,I12,800～900万円未満,1758009,138995,2107.3787,0.0011987303,0.015161543,0.079063873,0.0011747173
01100,札幌市,municipality,06,40～44歳,I13,900～1000万円未満,1758009,138995,853.20701,0.00048532573,0.0061384007,0.079063873,0.00047504132
01100,札幌市,municipality,06,40～44歳,I14,1000～1250万円未満,1758009,138995,2305.1166,0.0013112086,0.016584169,0.079063873,0.0012748471
01100,札幌市,municipality,06,40～44歳,I15,1250～1500万円未満,1758009,138995,1058.3077,0.00060199217,0.007613998,0.079063873,0.00058066615
01100,札幌市,municipality,06,40～44歳,I16,1500万円以上,1758009,138995,1135.4494,0.00064587235,0.0081689946,0.079063873,0.00062218078
01100,札幌市,municipality,07,45～49歳,I01,50万円未満（就業収入なしを含む）,1758009,158262,30639.803,0.017428695,0.19360177,0.09002343,0.017582147
01100,札幌市,municipality,07,45～49歳,I02,50～100万円未満,1758009,158262,11931.429,0.0067868989,0.075390361,0.09002343,0.0069807632
01100,札幌市,municipality,07,45～49歳,I03,100～150万円未満,1758009,158262,11741.452,0.0066788349,0.074189962,0.09002343,0.0067813582
01100,札幌市,municipality,07,45～49歳,I04,150～200万円未満,1758009,158262,7909.7742,0.0044992797,0.049978985,0.09002343,0.0045322464
01100,札幌市,municipality,07,45～49歳,I05,200～250万円未満,1758009,158262,12099.143,0.0068822989,0.076450085,0.09002343,0.0069133348
01100,札幌市,municipality,07,45～49歳,I06,250～300万円未満,1758009,158262,7158.6841,0.0040720406,0.04523312,0.09002343,0.0040634912
01100,札幌市,municipality,07,45～49歳,I07,300～400万円未満,1758009,158262,18575.624,0.010566285,0.11737261,0.09002343,0.010548387
01100,札幌市,municipality,07,45～49歳,I08,400～500万円未満,1758009,158262,15843.477,0.0090121704,0.10010916,0.09002343,0.0089355493
01100,札幌市,municipality,07,45～49歳,I09,500～600万円未満,1758009,158262,13368.885,0.0076045598,0.084473118,0.09002343,0.0075106218
01100,札幌市,municipality,07,45～49歳,I10,600～700万円未満,1758009,158262,12076.912,0.006869653,0.076309612,0.09002343,0.0067602625
01100,札幌市,municipality,07,45～49歳,I11,700～800万円未満,1758009,158262,7635.2232,0.0043431081,0.048244197,0.09002343,0.0042614163
01100,札幌市,municipality,07,45～49歳,I12,800～900万円未満,1758009,158262,4035.8731,0.0022957067,0.025501214,0.09002343,0.0022540927
01100,札幌市,municipality,07,45～49歳,I13,900～1000万円未満,1758009,158262,1587.3261,0.00090291123,0.010029736,0.09002343,0.00088419701
01100,札幌市,municipality,07,45～49歳,I14,1000～1250万円未満,1758009,158262,2060.9415,0.0011723157,0.01302234,0.09002343,0.0011376148
01100,札幌市,municipality,07,45～49歳,I15,1250～1500万円未満,1758009,158262,806.76384,0.00045890768,0.0050976472,0.09002343,0.00044463048
01100,札幌市,municipality,07,45～49歳,I16,1500万円以上,1758009,158262,790.6897,0.00044976431,0.0049960805,0.09002343,0.00043331701
01100,札幌市,municipality,08,50～54歳,I01,50万円未満（就業収入なしを含む）,1758009,138623,28733.978,0.016344614,0.20728146,0.07885227,0.016461211
01100,札幌市,municipality,08,50～54歳,I02,50～100万円未満,1758009,138623,11907.212,0.0067731236,0.085896368,0.07885227,0.0069700629
01100,札幌市,municipality,08,50～54歳,I03,100～150万円未満,1758009,138623,10310.247,0.0058647291,0.074376161,0.07885227,0.0059584778
01100,札幌市,municipality,08,50～54歳,I04,150～200万円未満,1758009,138623,7585.2027,0.0043146552,0.054718212,0.07885227,0.0043515571
01100,札幌市,municipality,08,50～54歳,I05,200～250万円未満,1758009,138623,9092.7519,0.0051721874,0.065593386,0.07885227,0.0051919784
01100,札幌市,municipality,08,50～54歳,I06,250～300万円未満,1758009,138623,7443.5932,0.0042341042,0.053696668,0.07885227,0.0042448402
01100,札幌市,municipality,08,50～54歳,I07,300～400万円未満,1758009,138623,13291.351,0.0075604569,0.095881284,0.07885227,0.0075379398
01100,札幌市,municipality,08,50～54歳,I08,400～500万円未満,1758009,138623,13577.181,0.0077230439,0.097943203,0.07885227,0.0076552841
01100,札幌市,municipality,08,50～54歳,I09,500～600万円未満,1758009,138623,9698.0587,0.0055165011,0.069959954,0.07885227,0.0054433397
01100,札幌市,municipality,08,50～54歳,I10,600～700万円未満,1758009,138623,6528.5378,0.0037135975,0.047095632,0.07885227,0.0036524386
01100,札幌市,municipality,08,50～54歳,I11,700～800万円未満,1758009,138623,8495.8883,0.0048326763,0.061287725,0.07885227,0.004746152
01100,札幌市,municipality,08,50～54歳,I12,800～900万円未満,1758009,138623,5410.5211,0.0030776413,0.039030472,0.07885227,0.0030109077
01100,札幌市,municipality,08,50～54歳,I13,900～1000万円未満,1758009,138623,2487.6782,0.0014150543,0.017945638,0.07885227,0.0013852062
01100,札幌市,municipality,08,50～54歳,I14,1000～1250万円未満,1758009,138623,2651.0618,0.001507991,0.019124257,0.07885227,0.001468842
01100,札幌市,municipality,08,50～54歳,I15,1250～1500万円未満,1758009,138623,574.26807,0.00032665821,0.0041426608,0.07885227,0.0003168246
01100,札幌市,municipality,08,50～54歳,I16,1500万円以上,1758009,138623,835.46929,0.00047523607,0.0060269168,0.07885227,0.00045720786
01100,札幌市,municipality,09,55～59歳,I01,50万円未満（就業収入なしを含む）,1758009,129840,32898.781,0.018713659,0.2533794,0.073856277,0.018849288
01100,札幌市,municipality,09,55～59歳,I02,50～100万円未満,1758009,129840,9320.3339,0.0053016417,0.071783224,0.073856277,0.0054764592
01100,札幌市,municipality,09,55～59歳,I03,100～150万円未満,1758009,129840,8885.8336,0.005054487,0.068436796,0.073856277,0.0051354734
01100,札幌市,municipality,09,55～59歳,I04,150～200万円未満,1758009,129840,5473.7393,0.0031136014,0.042157573,0.073856277,0.0031385604
01100,札幌市,municipality,09,55～59歳,I05,200～250万円未満,1758009,129840,9941.5792,0.0056550218,0.076567924,0.073856277,0.0056770261
01100,札幌市,municipality,09,55～59歳,I06,250～300万円未満,1758009,129840,6957.7328,0.0039577345,0.053586975,0.073856277,0.0039716443
01100,札幌市,municipality,09,55～59歳,I07,300～400万円未満,1758009,129840,12490.076,0.0071046714,0.096195905,0.073856277,0.0070887169
01100,札幌市,municipality,09,55～59歳,I08,400～500万円未満,1758009,129840,10460.045,0.0059499381,0.080561035,0.073856277,0.0059085719
01100,札幌市,municipality,09,55～59歳,I09,500～600万円未満,1758009,129840,7862.7828,0.0044725498,0.060557477,0.073856277,0.0044110294
01100,札幌市,municipality,09,55～59歳,I10,600～700万円未満,1758009,129840,7009.6515,0.0039872671,0.053986841,0.073856277,0.0039172063
01100,札幌市,municipality,09,55～59歳,I11,700～800万円未満,1758009,129840,6847.8211,0.0038952139,0.052740459,0.073856277,0.0038139873
01100,札幌市,municipality,09,55～59歳,I12,800～900万円未満,1758009,129840,3847.4197,0.0021885096,0.029632006,0.073856277,0.0021396278
01100,札幌市,municipality,09,55～59歳,I13,900～1000万円未満,1758009,129840,2792.3639,0.0015883672,0.021506192,0.073856277,0.0015467428
01100,札幌市,municipality,09,55～59歳,I14,1000～1250万円未満,1758009,129840,3339.3958,0.0018995328,0.025719314,0.073856277,0.0018467146
01100,札幌市,municipality,09,55～59歳,I15,1250～1500万円未満,1758009,129840,314.55413,0.00017892635,0.0024226289,0.073856277,0.00017210518
01100,札幌市,municipality,09,55～59歳,I16,1500万円以上,1758009,129840,1397.8901,0.00079515528,0.010766252,0.073856277,0.00076312362
01100,札幌市,municipality,10,60～64歳,I01,50万円未満（就業収入なしを含む）,1758009,122072,44820.033,0.025494769,0.36716063,0.069437642,0.025622277
01100,札幌市,municipality,10,60～64歳,I02,50～100万円未満,1758009,122072,8729.1249,0.0049653471,0.071508003,0.069437642,0.0050863354
01100,札幌市,municipality,10,60～64歳,I03,100～150万円未満,1758009,122072,8348.6182,0.0047489053,0.068390935,0.069437642,0.0048000541
01100,札幌市,municipality,10,60～64歳,I04,150～200万円未満,1758009,122072,6680.6624,0.0038001298,0.05472723,0.069437642,0.0038124982
01100,札幌市,municipality,10,60～64歳,I05,200～250万円未満,1758009,122072,10978.711,0.0062449685,0.089936356,0.069437642,0.0062534512
01100,札幌市,municipality,10,60～64歳,I06,250～300万円未満,1758009,122072,8427.1793,0.0047935928,0.069034499,0.069437642,0.0047925803
01100,札幌市,municipality,10,60～64歳,I07,300～400万円未満,1758009,122072,11970.284,0.0068090004,0.09805921,0.069437642,0.0067668435
01100,札幌市,municipality,10,60～64歳,I08,400～500万円未満,1758009,122072,7393.5397,0.0042056324,0.06056704,0.069437642,0.0041572691
01100,札幌市,municipality,10,60～64歳,I09,500～600万円未満,1758009,122072,4004.1987,0.0022776895,0.032801942,0.069437642,0.0022342126
01100,札幌市,municipality,10,60～64歳,I10,600～700万円未満,1758009,122072,2630.5461,0.0014963212,0.021549136,0.069437642,0.00146661
01100,札幌市,municipality,10,60～64歳,I11,700～800万円未満,1758009,122072,1780.2293,0.0010126395,0.014583437,0.069437642,0.00098546119
01100,札幌市,municipality,10,60～64歳,I12,800～900万円未満,1758009,122072,1456.0776,0.00082825381,0.011928023,0.069437642,0.00080658043
01100,札幌市,municipality,10,60～64歳,I13,900～1000万円未満,1758009,122072,1213.2328,0.0006901175,0.0099386656,0.069437642,0.00066750181
01100,札幌市,municipality,10,60～64歳,I14,1000～1250万円未満,1758009,122072,1810.1611,0.0010296654,0.014828635,0.069437642,0.00099269382
01100,札幌市,municipality,10,60～64歳,I15,1250～1500万円未満,1758009,122072,379.2015,0.00021569941,0.0031063758,0.069437642,0.00020748004
01100,札幌市,municipality,10,60～64歳,I16,1500万円以上,1758009,122072,1450.2008,0.00082491092,0.011879881,0.069437642,0.00078579371
01100,札幌市,municipality,11,65～69歳,I01,50万円未満（就業収入なしを含む）,1758009,136920,81634.969,0.046436036,0.59622385,0.07788356,0.046616575
01100,札幌市,municipality,11,65～69歳,I02,50～100万円未満,1758009,136920,11525.843,0.0065561914,0.0841794,0.07788356,0.0066869774
01100,札幌市,municipality,11,65～69歳,I03,100～150万円未満,1758009,136920,12152.503,0.0069126509,0.088756227,0.07788356,0.0069417698
01100,札幌市,municipality,11,65～69歳,I04,150～200万円未満,1758009,136920,7141.8647,0.0040624734,0.052160858,0.07788356,0.0040478875
01100,札幌市,municipality,11,65～69歳,I05,200～250万円未満,1758009,136920,7058.6344,0.0040151299,0.051552983,0.07788356,0.0039752676
01100,札幌市,municipality,11,65～69歳,I06,250～300万円未満,1758009,136920,3610.2301,0.0020535902,0.026367441,0.07788356,0.0020199965
01100,札幌市,municipality,11,65～69歳,I07,300～400万円未満,1758009,136920,6130.7682,0.0034873361,0.04477628,0.07788356,0.0034137485
01100,札幌市,municipality,11,65～69歳,I08,400～500万円未満,1758009,136920,2194.6714,0.0012483846,0.016028859,0.07788356,0.0012111079
01100,札幌市,municipality,11,65～69歳,I09,500～600万円未満,1758009,136920,2022.7639,0.0011505993,0.014773326,0.07788356,0.0011116858
01100,札幌市,municipality,11,65～69歳,I10,600～700万円未満,1758009,136920,556.67569,0.00031665122,0.0040657004,0.07788356,0.00030508748
01100,札幌市,municipality,11,65～69歳,I11,700～800万円未満,1758009,136920,337.4552,0.00019195305,0.0024646158,0.07788356,0.00018301306
01100,札幌市,municipality,11,65～69歳,I12,800～900万円未満,1758009,136920,260.25042,0.00014803702,0.001900748,0.07788356,0.0001407129
01100,札幌市,municipality,11,65～69歳,I13,900～1000万円未満,1758009,136920,361.59901,0.00020568666,0.002640951,0.07788356,0.00019603564
01100,札幌市,municipality,11,65～69歳,I14,1000～1250万円未満,1758009,136920,576.50761,0.00032793212,0.0042105435,0.07788356,0.00031006367
01100,札幌市,municipality,11,65～69歳,I15,1250～1500万円未満,1758009,136920,515.7248,0.00029335732,0.0037666141,0.07788356,0.00027667187
01100,札幌市,municipality,11,65～69歳,I16,1500万円以上,1758009,136920,839.53927,0.00047755118,0.0061316044,0.07788356,0.00044695969
01100,札幌市,municipality,12,70～74歳,I01,50万円未満（就業収入なしを含む）,1758009,143481,108217.79,0.061557016,0.75423079,0.081615623,0.061692463
01100,札幌市,municipality,12,70～74歳,I02,50～100万円未満,1758009,143481,9637.7519,0.0054821972,0.067170928,0.081615623,0.0055652985
01100,札幌市,municipality,12,70～74歳,I03,100～150万円未満,1758009,143481,8122.0457,0.0046200251,0.056607117,0.081615623,0.0046229001
01100,札幌市,municipality,12,70～74歳,I04,150～200万円未満,1758009,143481,3936.3122,0.002239074,0.027434379,0.081615623,0.0022232076
01100,札幌市,municipality,12,70～74歳,I05,200～250万円未満,1758009,143481,4011.453,0.002281816,0.027958078,0.081615623,0.0022532003
01100,札幌市,municipality,12,70～74歳,I06,250～300万円未満,1758009,143481,2162.8497,0.0012302836,0.015074119,0.081615623,0.0012068853
01100,札幌市,municipality,12,70～74歳,I07,300～400万円未満,1758009,143481,3320.5721,0.0018888254,0.023142939,0.081615623,0.0018397178
01100,札幌市,municipality,12,70～74歳,I08,400～500万円未満,1758009,143481,1646.5338,0.00093659008,0.011475622,0.081615623,0.00090402276
01100,札幌市,municipality,12,70～74歳,I09,500～600万円未満,1758009,143481,728.5048,0.00041439196,0.0050773608,0.081615623,0.00039726006
01100,札幌市,municipality,12,70～74歳,I10,600～700万円未満,1758009,143481,234.0698,0.00013314482,0.0016313644,0.081615623,0.0001276687
01100,札幌市,municipality,12,70～74歳,I11,700～800万円未満,1758009,143481,293.32883,0.00016685286,0.002044374,0.081615623,0.00015930143
01100,札幌市,municipality,12,70～74歳,I12,800～900万円未満,1758009,143481,278.12385,0.00015820388,0.0019384019,0.081615623,0.00014965319
01100,札幌市,municipality,12,70～74歳,I13,900～1000万円未満,1758009,143481,109.10522,6.2061809e-05,0.0007604158,0.081615623,5.8218998e-05
01100,札幌市,municipality,12,70～74歳,I14,1000～1250万円未満,1758009,143481,209.96446,0.0001194331,0.0014633607,0.081615623,0.00011247857
01100,札幌市,municipality,12,70～74歳,I15,1250～1500万円未満,1758009,143481,0,0,0,0.081615623,0
01100,札幌市,municipality,12,70～74歳,I16,1500万円以上,1758009,143481,572.59604,0.00032570712,0.0039907447,0.081615623,0.00030334707
01100,札幌市,municipality,13,75歳以上,I01,50万円未満（就業収入なしを含む）,1758009,268750,251118.06,0.14284231,0.93439277,0.1528718,0.14295461
01100,札幌市,municipality,13,75歳以上,I02,50～100万円未満,1758009,268750,6217.0887,0.0035364374,0.023133353,0.1528718,0.0035814282
01100,札幌市,municipality,13,75歳以上,I03,100～150万円未満,1758009,268750,2985.6319,0.001698303,0.011109328,0.1528718,0.0016953887
01100,札幌市,municipality,13,75歳以上,I04,150～200万円未満,1758009,268750,1862.0148,0.0010591611,0.0069284271,0.1528718,0.0010456244
01100,札幌市,municipality,13,75歳以上,I05,200～250万円未満,1758009,268750,1420.4085,0.00080796432,0.0052852411,0.1528718,0.00079346254
01100,札幌市,municipality,13,75歳以上,I06,250～300万円未満,1758009,268750,926.43427,0.00052697925,0.0034471973,0.1528718,0.00051327287
01100,札幌市,municipality,13,75歳以上,I07,300～400万円未満,1758009,268750,1293.6489,0.00073586021,0.0048135772,0.1528718,0.00071249861
01100,札幌市,municipality,13,75歳以上,I08,400～500万円未満,1758009,268750,766.45771,0.00043598054,0.0028519357,0.1528718,0.00041849813
01100,札幌市,municipality,13,75歳以上,I09,500～600万円未満,1758009,268750,407.37262,0.00023172385,0.0015158051,0.1528718,0.00022179791
01100,札幌市,municipality,13,75歳以上,I10,600～700万円未満,1758009,268750,227.61962,0.0001294758,0.00084695673,0.1528718,0.00012301529
01100,札幌市,municipality,13,75歳以上,I11,700～800万円未満,1758009,268750,201.74055,0.00011475513,0.00075066253,0.1528718,0.00010841558
01100,札幌市,municipality,13,75歳以上,I12,800～900万円未満,1758009,268750,257.8001,0.00014664322,0.00095925618,0.1528718,0.00013852882
01100,札幌市,municipality,13,75歳以上,I13,900～1000万円未満,1758009,268750,283.55049,0.00016129069,0.0010550716,0.1528718,0.00015146362
01100,札幌市,municipality,13,75歳以上,I14,1000～1250万円未満,1758009,268750,270.84068,0.00015406103,0.0010077793,0.1528718,0.00014411795
01100,札幌市,municipality,13,75歳以上,I15,1250～1500万円未満,1758009,268750,70.997717,4.0385298e-05,0.00026417755,0.1528718,3.7760605e-05
01100,札幌市,municipality,13,75歳以上,I16,1500万円以上,1758009,268750,440.33549,0.00025047397,0.0016384576,0.1528718,0.00023192017
13103,港区,municipality,01,15～19歳,I01,50万円未満（就業収入なしを含む）,225770,7210,6736.1944,0.029836535,0.93428494,0.031935155,0.030151364
13103,港区,municipality,01,15～19歳,I02,50～100万円未満,225770,7210,356.70179,0.0015799344,0.049473202,0.031935155,0.0014317983
13103,港区,municipality,01,15～19歳,I03,100～150万円未満,225770,7210,37.680679,0.00016689852,0.005226169,0.031935155,0.00012922979
13103,港区,municipality,01,15～19歳,I04,150～200万円未満,225770,7210,12.737989,5.6420202e-05,0.0017667114,0.031935155,3.9282409e-05
13103,港区,municipality,01,15～19歳,I05,200～250万円未満,225770,7210,43.239797,0.00019152145,0.0059971979,0.031935155,0.00012372397
13103,港区,municipality,01,15～19歳,I06,250～300万円未満,225770,7210,6.8416569,3.0303658e-05,0.00094891219,0.031935155,1.8355672e-05
13103,港区,municipality,01,15～19歳,I07,300～400万円未満,225770,7210,16.603679,7.3542449e-05,0.0023028681,0.031935155,4.1400687e-05
13103,港区,municipality,01,15～19歳,I08,400～500万円未満,225770,7210,0,0,0,0.031935155,0
13103,港区,municipality,01,15～19歳,I09,500～600万円未満,225770,7210,0,0,0,0.031935155,0
13103,港区,municipality,01,15～19歳,I10,600～700万円未満,225770,7210,0,0,0,0.031935155,0
13103,港区,municipality,01,15～19歳,I11,700～800万円未満,225770,7210,0,0,0,0.031935155,0
13103,港区,municipality,01,15～19歳,I12,800～900万円未満,225770,7210,0,0,0,0.031935155,0
13103,港区,municipality,01,15～19歳,I13,900～1000万円未満,225770,7210,0,0,0,0.031935155,0
13103,港区,municipality,01,15～19歳,I14,1000～1250万円未満,225770,7210,0,0,0,0.031935155,0
13103,港区,municipality,01,15～19歳,I15,1250～1500万円未満,225770,7210,0,0,0,0.031935155,0
13103,港区,municipality,01,15～19歳,I16,1500万円以上,225770,7210,0,0,0,0.031935155,0
13103,港区,municipality,02,20～24歳,I01,50万円未満（就業収入なしを含む）,225770,10760,4044.7462,0.017915339,0.37590578,0.047659122,0.019115466
13103,港区,municipality,02,20～24歳,I02,50～100万円未満,225770,10760,811.21874,0.0035931201,0.075392076,0.047659122,0.0048617267
13103,港区,municipality,02,20～24歳,I03,100～150万円未満,225770,10760,326.17992,0.0014447443,0.030314119,0.047659122,0.0016771092
13103,港区,municipality,02,20～24歳,I04,150～200万円未満,225770,10760,238.12803,0.0010547373,0.022130858,0.047659122,0.0011075849
13103,港区,municipality,02,20～24歳,I05,200～250万円未満,225770,10760,1062.9848,0.004708264,0.098790406,0.047659122,0.0046007144
13103,港区,municipality,02,20～24歳,I06,250～300万円未満,225770,10760,1319.3333,0.005843705,0.12261462,0.047659122,0.0053975246
13103,港区,municipality,02,20～24歳,I07,300～400万円未満,225770,10760,1798.9931,0.0079682559,0.16719267,0.047659122,0.006880908
13103,港区,municipality,02,20～24歳,I08,400～500万円未満,225770,10760,711.18378,0.0031500367,0.066095147,0.047659122,0.0025364683
13103,港区,municipality,02,20～24歳,I09,500～600万円未満,225770,10760,340.1006,0.001506403,0.031607862,0.047659122,0.0011462353
13103,港区,municipality,02,20～24歳,I10,600～700万円未満,225770,10760,28.789147,0.00012751538,0.0026755712,0.047659122,9.2617421e-05
13103,港区,municipality,02,20～24歳,I11,700～800万円未満,225770,10760,78.34245,0.00034700115,0.0072808968,0.047659122,0.00024276702
13103,港区,municipality,02,20～24歳,I12,800～900万円未満,225770,10760,0,0,0,0.047659122,0
13103,港区,municipality,02,20～24歳,I13,900～1000万円未満,225770,10760,0,0,0,0.047659122,0
13103,港区,municipality,02,20～24歳,I14,1000～1250万円未満,225770,10760,0,0,0,0.047659122,0
13103,港区,municipality,02,20～24歳,I15,1250～1500万円未満,225770,10760,0,0,0,0.047659122,0
13103,港区,municipality,02,20～24歳,I16,1500万円以上,225770,10760,0,0,0,0.047659122,0
13103,港区,municipality,03,25～29歳,I01,50万円未満（就業収入なしを含む）,225770,18169,1796.9374,0.0079591505,0.098901283,0.080475705,0.0085682224
13103,港区,municipality,03,25～29歳,I02,50～100万円未満,225770,18169,121.13682,0.00053654967,0.0066672255,0.080475705,0.00084918403
13103,港区,municipality,03,25～29歳,I03,100～150万円未満,225770,18169,313.76292,0.0013897458,0.017269135,0.080475705,0.0018698139
13103,港区,municipality,03,25～29歳,I04,150～200万円未満,225770,18169,336.81242,0.0014918387,0.018537752,0.080475705,0.0018208944
13103,港区,municipality,03,25～29歳,I05,200～250万円未満,225770,18169,1510.1748,0.0066889968,0.083118213,0.080475705,0.0075717221
13103,港区,municipality,03,25～29歳,I06,250～300万円未満,225770,18169,1463.6394,0.006482878,0.080556957,0.080475705,0.006952493
13103,港区,municipality,03,25～29歳,I07,300～400万円未満,225770,18169,4320.8158,0.019138131,0.23781253,0.080475705,0.019289255
13103,港区,municipality,03,25～29歳,I08,400～500万円未満,225770,18169,4383.29,0.019414847,0.24125103,0.080475705,0.018385879
13103,港区,municipality,03,25～29歳,I09,500～600万円未満,225770,18169,1999.3425,0.0088556605,0.11004141,0.080475705,0.0079690467
13103,港区,municipality,03,25～29歳,I10,600～700万円未満,225770,18169,1160.9945,0.0051423771,0.063899745,0.080475705,0.0044676365
13103,港区,municipality,03,25～29歳,I11,700～800万円未満,225770,18169,475.87167,0.0021077719,0.026191407,0.080475705,0.0017576999
13103,港区,municipality,03,25～29歳,I12,800～900万円未満,225770,18169,115.59773,0.00051201546,0.0063623606,0.080475705,0.00041443346
13103,港区,municipality,03,25～29歳,I13,900～1000万円未満,225770,18169,22.892092,0.00010139563,0.0012599533,0.080475705,7.6975892e-05
13103,港区,municipality,03,25～29歳,I14,1000～1250万円未満,225770,18169,95.658318,0.00042369809,0.0052649193,0.080475705,0.00032131233
13103,港区,municipality,03,25～29歳,I15,1250～1500万円未満,225770,18169,32.635443,0.00014455173,0.0017962157,0.080475705,0.00010414526
13103,港区,municipality,03,25～29歳,I16,1500万円以上,225770,18169,19.438284,8.609773e-05,0.0010698599,0.080475705,5.6992265e-05
13103,港区,municipality,04,30～34歳,I01,50万円未満（就業収入なしを含む）,225770,21219,2478.5527,0.01097822,0.11680817,0.093985029,0.011775696
13103,港区,municipality,04,30～34歳,I02,50～100万円未満,225770,21219,283.30076,0.0012548202,0.013351278,0.093985029,0.0020145585
13103,港区,municipality,04,30～34歳,I03,100～150万円未満,225770,21219,298.16881,0.0013206751,0.014051973,0.093985029,0.0018560227
13103,港区,municipality,04,30～34歳,I04,150～200万円未満,225770,21219,395.28573,0.0017508337,0.018628858,0.093985029,0.0022207996
13103,港区,municipality,04,30～34歳,I05,200～250万円未満,225770,21219,881.90317,0.0039062017,0.041561957,0.093985029,0.0045317067
13103,港区,municipality,04,30～34歳,I06,250～300万円未満,225770,21219,1244.4377,0.005511971,0.05864733,0.093985029,0.0060919314
13103,港区,municipality,04,30～34歳,I07,300～400万円未満,225770,21219,3099.6923,0.013729425,0.14608098,0.093985029,0.014390341
13103,港区,municipality,04,30～34歳,I08,400～500万円未満,225770,21219,3218.1152,0.014253954,0.15166196,0.093985029,0.014212905
13103,港区,municipality,04,30～34歳,I09,500～600万円未満,225770,21219,3478.8773,0.015408944,0.16395105,0.093985029,0.014507583
13103,港区,municipality,04,30～34歳,I10,600～700万円未満,225770,21219,2016.0207,0.008929533,0.095010163,0.093985029,0.0082186166
13103,港区,municipality,04,30～34歳,I11,700～800万円未満,225770,21219,1201.3286,0.0053210284,0.056615702,0.093985029,0.0046898965
13103,港区,municipality,04,30～34歳,I12,800～900万円未満,225770,21219,740.5086,0.0032799247,0.034898374,0.093985029,0.0027810314
13103,港区,municipality,04,30～34歳,I13,900～1000万円未満,225770,21219,777.26655,0.0034427362,0.036630687,0.093985029,0.0028619835
13103,港区,municipality,04,30～34歳,I14,1000～1250万円未満,225770,21219,705.65128,0.0031255317,0.033255633,0.093985029,0.0025239514
13103,港区,municipality,04,30～34歳,I15,1250～1500万円未満,225770,21219,214.9572,0.00095210699,0.010130411,0.093985029,0.00072857829
13103,港区,municipality,04,30～34歳,I16,1500万円以上,225770,21219,184.93351,0.00081912347,0.0087154675,0.093985029,0.0005794275
13103,港区,municipality,05,35～39歳,I01,50万円未満（就業収入なしを含む）,225770,23930,3359.3186,0.014879384,0.14038105,0.10599282,0.016045665
13103,港区,municipality,05,35～39歳,I02,50～100万円未満,225770,23930,474.82007,0.0021031141,0.019842042,0.10599282,0.0032987007
13103,港区,municipality,05,35～39歳,I03,100～150万円未満,225770,23930,425.44768,0.0018844296,0.017778842,0.10599282,0.0025505797
13103,港区,municipality,05,35～39歳,I04,150～200万円未満,225770,23930,526.85003,0.0023335697,0.022016299,0.10599282,0.0029582817
13103,港区,municipality,05,35～39歳,I05,200～250万円未満,225770,23930,1213.3095,0.0053740954,0.050702445,0.10599282,0.0062116962
13103,港区,municipality,05,35～39歳,I06,250～300万円未満,225770,23930,1006.3709,0.0044575048,0.042054779,0.10599282,0.0049405047
13103,港区,municipality,05,35～39歳,I07,300～400万円未満,225770,23930,2769.1351,0.012265292,0.11571814,0.10599282,0.012807438
13103,港区,municipality,05,35～39歳,I08,400～500万円未満,225770,23930,2971.2683,0.013160598,0.12416499,0.10599282,0.013121733
13103,港区,municipality,05,35～39歳,I09,500～600万円未満,225770,23930,2648.2118,0.011729689,0.11066493,0.10599282,0.011185522
13103,港区,municipality,05,35～39歳,I10,600～700万円未満,225770,23930,2303.6831,0.010203672,0.096267576,0.10599282,0.0094760225
13103,港区,municipality,05,35～39歳,I11,700～800万円未満,225770,23930,1588.085,0.0070340831,0.066363767,0.10599282,0.0063507973
13103,港区,municipality,05,35～39歳,I12,800～900万円未満,225770,23930,1390.0823,0.0061570727,0.058089524,0.10599282,0.0054256832
13103,港区,municipality,05,35～39歳,I13,900～1000万円未満,225770,23930,739.77008,0.0032766536,0.030913919,0.10599282,0.0027581737
13103,港区,municipality,05,35～39歳,I14,1000～1250万円未満,225770,23930,1463.4323,0.006481961,0.061154715,0.10599282,0.0053319574
13103,港区,municipality,05,35～39歳,I15,1250～1500万円未満,225770,23930,457.35768,0.0020257682,0.019112314,0.10599282,0.0016073622
13103,港区,municipality,05,35～39歳,I16,1500万円以上,225770,23930,592.85758,0.002625936,0.024774658,0.10599282,0.0019227077
13103,港区,municipality,06,40～44歳,I01,50万円未満（就業収入なしを含む）,225770,24766,3874.3661,0.017160677,0.15643891,0.10969571,0.018548425
13103,港区,municipality,06,40～44歳,I02,50～100万円未満,225770,24766,824.3188,0.0036511441,0.033284293,0.10969571,0.0057257557
13103,港区,municipality,06,40～44歳,I03,100～150万円未満,225770,24766,637.75713,0.002824809,0.025751317,0.10969571,0.0038727931
13103,港区,municipality,06,40～44歳,I04,150～200万円未満,225770,24766,444.39842,0.0019683679,0.017943892,0.10969571,0.0025136661
13103,港区,municipality,06,40～44歳,I05,200～250万円未満,225770,24766,855.37657,0.0037887079,0.034538342,0.10969571,0.004372488
13103,港区,municipality,06,40～44歳,I06,250～300万円未満,225770,24766,891.00349,0.0039465097,0.035976883,0.10969571,0.0043725512
13103,港区,municipality,06,40～44歳,I07,300～400万円未満,225770,24766,2263.325,0.010024915,0.091388397,0.10969571,0.010727275
13103,港区,municipality,06,40～44歳,I08,400～500万円未満,225770,24766,2762.4004,0.012235463,0.11154003,0.10969571,0.012189605
13103,港区,municipality,06,40～44歳,I09,500～600万円未満,225770,24766,2206.2603,0.009772159,0.089084242,0.10969571,0.0093793193
13103,港区,municipality,06,40～44歳,I10,600～700万円未満,225770,24766,2542.5978,0.011261894,0.10266485,0.10969571,0.01039024
13103,港区,municipality,06,40～44歳,I11,700～800万円未満,225770,24766,1625.9331,0.0072017234,0.065651825,0.10969571,0.0064629203
13103,港区,municipality,06,40～44歳,I12,800～900万円未満,225770,24766,1150.2247,0.0050946746,0.0464437,0.10969571,0.0044981999
13103,港区,municipality,06,40～44歳,I13,900～1000万円未満,225770,24766,1318.0846,0.0058381741,0.053221537,0.10969571,0.0049418336
13103,港区,municipality,06,40～44歳,I14,1000～1250万円未満,225770,24766,1646.0864,0.0072909881,0.066465573,0.10969571,0.0059932053
13103,港区,municipality,06,40～44歳,I15,1250～1500万円未満,225770,24766,484.86788,0.0021476187,0.019577965,0.10969571,0.0016605107
13103,港区,municipality,06,40～44歳,I16,1500万円以上,225770,24766,1238.9993,0.0054878829,0.050028237,0.10969571,0.0040469205
13103,港区,municipality,07,45～49歳,I01,50万円未満（就業収入なしを含む）,225770,25304,4107.9404,0.018195245,0.16234352,0.11207866,0.019947249
13103,港区,municipality,07,45～49歳,I02,50～100万円未満,225770,25304,682.80669,0.0030243464,0.02698414,0.11207866,0.004734433
13103,港区,municipality,07,45～49歳,I03,100～150万円未満,225770,25304,684.71755,0.0030328102,0.027059656,0.11207866,0.0041590387
13103,港区,municipality,07,45～49歳,I04,150～200万円未満,225770,25304,398.16346,0.00176358,0.015735198,0.11207866,0.0022117613
13103,港区,municipality,07,45～49歳,I05,200～250万円未満,225770,25304,942.83119,0.0041760694,0.037260164,0.11207866,0.0048169398
13103,港区,municipality,07,45～49歳,I06,250～300万円未満,225770,25304,960.8173,0.004255735,0.037970965,0.11207866,0.0048167411
13103,港区,municipality,07,45～49歳,I07,300～400万円未満,225770,25304,2251.9008,0.0099743137,0.088993867,0.11207866,0.010522601
13103,港区,municipality,07,45～49歳,I08,400～500万円未満,225770,25304,2491.2806,0.011034595,0.098454023,0.11207866,0.0110869
13103,港区,municipality,07,45～49歳,I09,500～600万円未満,225770,25304,2560.3389,0.011340475,0.10118317,0.11207866,0.010755479
13103,港区,municipality,07,45～49歳,I10,600～700万円未満,225770,25304,1999.7882,0.0088576346,0.079030516,0.11207866,0.0082705836
13103,港区,municipality,07,45～49歳,I11,700～800万円未満,225770,25304,1861.7826,0.0082463686,0.073576614,0.11207866,0.0074966613
13103,港区,municipality,07,45～49歳,I12,800～900万円未満,225770,25304,1307.8359,0.00579278,0.051684948,0.11207866,0.005020784
13103,港区,municipality,07,45～49歳,I13,900～1000万円未満,225770,25304,1152.6453,0.0051053964,0.045551902,0.11207866,0.004463489
13103,港区,municipality,07,45～49歳,I14,1000～1250万円未満,225770,25304,1955.8586,0.0086630581,0.077294444,0.11207866,0.0072117476
13103,港区,municipality,07,45～49歳,I15,1250～1500万円未満,225770,25304,610.4739,0.0027039638,0.024125589,0.11207866,0.0021414017
13103,港区,municipality,07,45～49歳,I16,1500万円以上,225770,25304,1334.8185,0.0059122934,0.052751283,0.11207866,0.0044228545
13103,港区,municipality,08,50～54歳,I01,50万円未満（就業収入なしを含む）,225770,21721,3639.2236,0.016119164,0.16754402,0.096208531,0.017372787
13103,港区,municipality,08,50～54歳,I02,50～100万円未満,225770,21721,833.6946,0.0036926722,0.038381962,0.096208531,0.0056337668
13103,港区,municipality,08,50～54歳,I03,100～150万円未満,225770,21721,891.1387,0.0039471086,0.041026596,0.096208531,0.0053756511
13103,港区,municipality,08,50～54歳,I04,150～200万円未満,225770,21721,401.79673,0.0017796728,0.018498077,0.096208531,0.0022653229
13103,港区,municipality,08,50～54歳,I05,200～250万円未満,225770,21721,1079.1891,0.0047800377,0.049684135,0.096208531,0.0055638001
13103,港区,municipality,08,50～54歳,I06,250～300万円未満,225770,21721,858.52876,0.0038026698,0.039525287,0.096208531,0.0042780072
13103,港区,municipality,08,50～54歳,I07,300～400万円未満,225770,21721,1723.2503,0.0076327693,0.079335681,0.096208531,0.0079668624
13103,港区,municipality,08,50～54歳,I08,400～500万円未満,225770,21721,1690.6983,0.0074885873,0.07783704,0.096208531,0.0074679711
13103,港区,municipality,08,50～54歳,I09,500～600万円未満,225770,21721,1624.2444,0.0071942437,0.074777607,0.096208531,0.0067528799
13103,港区,municipality,08,50～54歳,I10,600～700万円未満,225770,21721,1727.5138,0.0076516533,0.079531962,0.096208531,0.0070812036
13103,港区,municipality,08,50～54歳,I11,700～800万円未満,225770,21721,1147.7574,0.0050837465,0.052840912,0.096208531,0.0045728745
13103,港区,municipality,08,50～54歳,I12,800～900万円未満,225770,21721,1265.5573,0.005605516,0.05826423,0.096208531,0.0048102606
13103,港区,municipality,08,50～54歳,I13,900～1000万円未満,225770,21721,910.36842,0.0040322825,0.041911902,0.096208531,0.0034104454
13103,港区,municipality,08,50～54歳,I14,1000～1250万円未満,225770,21721,1858.6669,0.0082325681,0.085570043,0.096208531,0.0066436796
13103,港区,municipality,08,50～54歳,I15,1250～1500万円未満,225770,21721,791.17592,0.0035043448,0.03642447,0.096208531,0.0027471806
13103,港区,municipality,08,50～54歳,I16,1500万円以上,225770,21721,1278.1957,0.0056614947,0.058846078,0.096208531,0.0042658378
13103,港区,municipality,09,55～59歳,I01,50万円未満（就業収入なしを含む）,225770,17061,3473.6333,0.015385717,0.2036008,0.075568056,0.017076075
13103,港区,municipality,09,55～59歳,I02,50～100万円未満,225770,17061,505.4218,0.0022386579,0.029624395,0.075568056,0.0035678116
13103,港区,municipality,09,55～59歳,I03,100～150万円未満,225770,17061,476.85475,0.0021121263,0.027949988,0.075568056,0.0028974507
13103,港区,municipality,09,55～59歳,I04,150～200万円未満,225770,17061,359.74824,0.001593428,0.021085999,0.075568056,0.0020173822
13103,港区,municipality,09,55～59歳,I05,200～250万円未満,225770,17061,749.40059,0.0033193099,0.043924776,0.075568056,0.003940056
13103,港区,municipality,09,55～59歳,I06,250～300万円未満,225770,17061,522.85934,0.0023158938,0.030646465,0.075568056,0.0026211244
13103,港区,municipality,09,55～59歳,I07,300～400万円未満,225770,17061,1193.2437,0.0052852183,0.069939847,0.075568056,0.0056335487
13103,港区,municipality,09,55～59歳,I08,400～500万円未満,225770,17061,1228.2237,0.0054401545,0.071990134,0.075568056,0.0055035785
13103,港区,municipality,09,55～59歳,I09,500～600万円未満,225770,17061,1136.4949,0.0050338616,0.066613618,0.075568056,0.0048108362
13103,港区,municipality,09,55～59歳,I10,600～700万円未満,225770,17061,957.67362,0.0042418108,0.056132326,0.075568056,0.0040430824
13103,港区,municipality,09,55～59歳,I11,700～800万円未満,225770,17061,990.79435,0.004388512,0.058073638,0.075568056,0.0039656599
13103,港区,municipality,09,55～59歳,I12,800～900万円未満,225770,17061,988.42189,0.0043780037,0.057934581,0.075568056,0.0037380295
13103,港区,municipality,09,55～59歳,I13,900～1000万円未満,225770,17061,776.20879,0.0034380511,0.04549609,0.075568056,0.002907442
13103,港区,municipality,09,55～59歳,I14,1000～1250万円未満,225770,17061,1507.4539,0.0066769453,0.088356716,0.075568056,0.0054616442
13103,港区,municipality,09,55～59歳,I15,1250～1500万円未満,225770,17061,717.75118,0.0031791256,0.042069702,0.075568056,0.0024871245
13103,港区,municipality,09,55～59歳,I16,1500万円以上,225770,17061,1476.8159,0.0065412405,0.086560921,0.075568056,0.0048972106
13103,港区,municipality,10,60～64歳,I01,50万円未満（就業収入なしを含む）,225770,12041,3264.0676,0.01445749,0.27107945,0.053333038,0.015268841
13103,港区,municipality,10,60～64歳,I02,50～100万円未満,225770,12041,570.23439,0.0025257315,0.047357727,0.053333038,0.0037259431
13103,港区,municipality,10,60～64歳,I03,100～150万円未満,225770,12041,576.25846,0.0025524138,0.047858023,0.053333038,0.0033068885
13103,港区,municipality,10,60～64歳,I04,150～200万円未満,225770,12041,387.17877,0.0017149257,0.032155034,0.053333038,0.0020074791
13103,港区,municipality,10,60～64歳,I05,200～250万円未満,225770,12041,695.38703,0.0030800683,0.057751601,0.053333038,0.0033298905
13103,港区,municipality,10,60～64歳,I06,250～300万円未満,225770,12041,571.70408,0.0025322411,0.047479784,0.053333038,0.002668144
13103,港区,municipality,10,60～64歳,I07,300～400万円未満,225770,12041,1235.2101,0.0054710992,0.10258368,0.053333038,0.0055729327
13103,港区,municipality,10,60～64歳,I08,400～500万円未満,225770,12041,796.26579,0.0035268893,0.06612954,0.053333038,0.0033712287
13103,港区,municipality,10,60～64歳,I09,500～600万円未満,225770,12041,584.52893,0.0025890461,0.048544883,0.053333038,0.0023717021
13103,港区,municipality,10,60～64歳,I10,600～700万円未満,225770,12041,566.16939,0.0025077264,0.04702013,0.053333038,0.0021519487
13103,港区,municipality,10,60～64歳,I11,700～800万円未満,225770,12041,381.13454,0.001688154,0.031653064,0.053333038,0.0014473291
13103,港区,municipality,10,60～64歳,I12,800～900万円未満,225770,12041,397.37298,0.0017600788,0.033001659,0.053333038,0.0014614422
13103,港区,municipality,10,60～64歳,I13,900～1000万円未満,225770,12041,361.1033,0.0015994299,0.029989478,0.053333038,0.0012459273
13103,港区,municipality,10,60～64歳,I14,1000～1250万円未満,225770,12041,577.38919,0.0025574221,0.04795193,0.053333038,0.001990374
13103,港区,municipality,10,60～64歳,I15,1250～1500万円未満,225770,12041,171.56386,0.00075990547,0.014248306,0.053333038,0.00056259279
13103,港区,municipality,10,60～64歳,I16,1500万円以上,225770,12041,905.43163,0.0040104161,0.075195717,0.053333038,0.0028503738
13103,港区,municipality,11,65～69歳,I01,50万円未満（就業収入なしを含む）,225770,9973,4602.6017,0.020386241,0.46150624,0.044173274,0.021307211
13103,港区,municipality,11,65～69歳,I02,50～100万円未満,225770,9973,485.80217,0.002151757,0.048711739,0.044173274,0.0030551911
13103,港区,municipality,11,65～69歳,I03,100～150万円未満,225770,9973,594.59504,0.0026336317,0.059620479,0.044173274,0.0032582893
13103,港区,municipality,11,65～69歳,I04,150～200万円未満,225770,9973,465.47219,0.0020617096,0.046673236,0.044173274,0.0023429969
13103,港区,municipality,11,65～69歳,I05,200～250万円未満,225770,9973,545.16027,0.002414671,0.054663619,0.044173274,0.0025469552
13103,港区,municipality,11,65～69歳,I06,250～300万円未満,225770,9973,312.87774,0.0013858251,0.03137248,0.044173274,0.0013785595
13103,港区,municipality,11,65～69歳,I07,300～400万円未満,225770,9973,533.62712,0.0023635874,0.053507181,0.044173274,0.0022168686
13103,港区,municipality,11,65～69歳,I08,400～500万円未満,225770,9973,496.3617,0.0021985281,0.04977055,0.044173274,0.0018806611
13103,港区,municipality,11,65～69歳,I09,500～600万円未満,225770,9973,215.84597,0.00095604361,0.021643033,0.044173274,0.00079802601
13103,港区,municipality,11,65～69歳,I10,600～700万円未満,225770,9973,273.19826,0.0012100733,0.027393789,0.044173274,0.00096278707
13103,港区,municipality,11,65～69歳,I11,700～800万円未満,225770,9973,215.27074,0.00095349576,0.021585354,0.044173274,0.0007413429
13103,港区,municipality,11,65～69歳,I12,800～900万円未満,225770,9973,138.5193,0.00061354165,0.013889431,0.044173274,0.00046216588
13103,港区,municipality,11,65～69歳,I13,900～1000万円未満,225770,9973,122.2344,0.00054141115,0.012256532,0.044173274,0.00040565359
13103,港区,municipality,11,65～69歳,I14,1000～1250万円未満,225770,9973,288.58454,0.0012782236,0.028936583,0.044173274,0.00089700608
13103,港区,municipality,11,65～69歳,I15,1250～1500万円未満,225770,9973,143.53978,0.00063577879,0.014392838,0.044173274,0.00042208077
13103,港区,municipality,11,65～69歳,I16,1500万円以上,225770,9973,539.30908,0.0023887544,0.054076916,0.044173274,0.0014974783
13103,港区,municipality,12,70～74歳,I01,50万円未満（就業収入なしを含む）,225770,11354,6515.9243,0.028860895,0.573888,0.050290118,0.029970315
13103,港区,municipality,12,70～74歳,I02,50～100万円未満,225770,11354,756.91255,0.0033525825,0.066664836,0.050290118,0.0044060585
13103,港区,municipality,12,70～74歳,I03,100～150万円未満,225770,11354,631.65186,0.002797767,0.05563254,0.050290118,0.0032064475
13103,港区,municipality,12,70～74歳,I04,150～200万円未満,225770,11354,432.05543,0.0019136972,0.038053147,0.050290118,0.0019929173
13103,港区,municipality,12,70～74歳,I05,200～250万円未満,225770,11354,488.04218,0.0021616786,0.042984162,0.050290118,0.0021623679
13103,港区,municipality,12,70～74歳,I06,250～300万円未満,225770,11354,343.01196,0.0015192982,0.030210671,0.050290118,0.0014080332
13103,港区,municipality,12,70～74歳,I07,300～400万円未満,225770,11354,426.96619,0.0018911556,0.037604914,0.050290118,0.0016281584
13103,港区,municipality,12,70～74歳,I08,400～500万円未満,225770,11354,354.37764,0.0015696401,0.0312117,0.050290118,0.0012901568
13103,港区,municipality,12,70～74歳,I09,500～600万円未満,225770,11354,305.98873,0.0013553117,0.026949862,0.050290118,0.0010636621
13103,港区,municipality,12,70～74歳,I10,600～700万円未満,225770,11354,75.030392,0.0003323311,0.0066082783,0.050290118,0.0002520432
13103,港区,municipality,12,70～74歳,I11,700～800万円未満,225770,11354,63.911366,0.00028308175,0.0056289736,0.050290118,0.00021083551
13103,港区,municipality,12,70～74歳,I12,800～900万円未満,225770,11354,89.796009,0.00039773225,0.0079087554,0.050290118,0.00027180926
13103,港区,municipality,12,70～74歳,I13,900～1000万円未満,225770,11354,65.012964,0.00028796104,0.0057259964,0.050290118,0.00020092033
13103,港区,municipality,12,70～74歳,I14,1000～1250万円未満,225770,11354,286.47429,0.0012688767,0.025231134,0.050290118,0.00083023281
13103,港区,municipality,12,70～74歳,I15,1250～1500万円未満,225770,11354,115.08782,0.00050975692,0.010136324,0.050290118,0.0003159946
13103,港区,municipality,12,70～74歳,I16,1500万円以上,225770,11354,403.7563,0.0017883523,0.03556071,0.050290118,0.001080166
13103,港区,municipality,13,75歳以上,I01,50万円未満（就業収入なしを含む）,225770,22262,17701.886,0.078406725,0.79516154,0.098604775,0.079918459
13103,港区,municipality,13,75歳以上,I02,50～100万円未満,225770,22262,844.16266,0.0037390382,0.037919444,0.098604775,0.0046980827
13103,港区,municipality,13,75歳以上,I03,100～150万円未満,225770,22262,521.27924,0.0023088951,0.023415652,0.098604775,0.0025344854
13103,港区,municipality,13,75歳以上,I04,150～200万円未満,225770,22262,534.27422,0.0023664536,0.023999381,0.098604775,0.0023978332
13103,港区,municipality,13,75歳以上,I05,200～250万円未満,225770,22262,339.23039,0.0015025486,0.015238091,0.098604775,0.0014489212
13103,港区,municipality,13,75歳以上,I06,250～300万円未満,225770,22262,211.55332,0.00093703026,0.0095028893,0.098604775,0.00084640247
13103,港区,municipality,13,75歳以上,I07,300～400万円未満,225770,22262,455.29654,0.0020166388,0.020451736,0.098604775,0.0017150181
13103,港区,municipality,13,75歳以上,I08,400～500万円未満,225770,22262,323.17293,0.0014314255,0.014516797,0.098604775,0.0011194214
13103,港区,municipality,13,75歳以上,I09,500～600万円未満,225770,22262,276.78765,0.0012259718,0.012433189,0.098604775,0.00092505115
13103,港区,municipality,13,75歳以上,I10,600～700万円未満,225770,22262,208.27005,0.00092248769,0.0093554059,0.098604775,0.00066201104
13103,港区,municipality,13,75歳以上,I11,700～800万円未満,225770,22262,80.46616,0.00035640767,0.0036145072,0.098604775,0.00024722177
13103,港区,municipality,13,75歳以上,I12,800～900万円未満,225770,22262,83.643581,0.00037048138,0.0037572357,0.098604775,0.00024831427
13103,港区,municipality,13,75歳以上,I13,900～1000万円未満,225770,22262,154.83393,0.00068580383,0.0069550772,0.098604775,0.00045630998
13103,港区,municipality,13,75歳以上,I14,1000～1250万円未満,225770,22262,168.2045,0.00074502592,0.007555678,0.098604775,0.00047006167
13103,港区,municipality,13,75歳以上,I15,1250～1500万円未満,225770,22262,87.53734,0.00038772795,0.0039321418,0.098604775,0.00022504022
13103,港区,municipality,13,75歳以上,I16,1500万円以上,225770,22262,271.40122,0.0012021137,0.012191233,0.098604775,0.00069214078
13121,足立区,municipality,01,15～19歳,I01,50万円未満（就業収入なしを含む）,619449,28058,25177.62,0.040645187,0.89734195,0.045295093,0.040414071
13121,足立区,municipality,01,15～19歳,I02,50～100万円未満,619449,28058,2155.5396,0.0034797693,0.076824422,0.045295093,0.0035741673
13121,足立区,municipality,01,15～19歳,I03,100～150万円未満,619449,28058,233.15096,0.00037638444,0.0083096074,0.045295093,0.00040342426
13121,足立区,municipality,01,15～19歳,I04,150～200万円未満,619449,28058,87.720063,0.00014160982,0.0031263833,0.045295093,0.00015637148
13121,足立区,municipality,01,15～19歳,I05,200～250万円未満,619449,28058,257.76086,0.00041611312,0.0091867153,0.045295093,0.00047042048
13121,足立区,municipality,01,15～19歳,I06,250～300万円未満,619449,28058,45.764417,7.3879232e-05,0.0016310648,0.045295093,8.4868267e-05
13121,足立区,municipality,01,15～19歳,I07,300～400万円未満,619449,28058,100.44374,0.00016215013,0.0035798609,0.045295093,0.00019177029
13121,足立区,municipality,01,15～19歳,I08,400～500万円未満,619449,28058,0,0,0,0.045295093,0
13121,足立区,municipality,01,15～19歳,I09,500～600万円未満,619449,28058,0,0,0,0.045295093,0
13121,足立区,municipality,01,15～19歳,I10,600～700万円未満,619449,28058,0,0,0,0.045295093,0
13121,足立区,municipality,01,15～19歳,I11,700～800万円未満,619449,28058,0,0,0,0.045295093,0
13121,足立区,municipality,01,15～19歳,I12,800～900万円未満,619449,28058,0,0,0,0.045295093,0
13121,足立区,municipality,01,15～19歳,I13,900～1000万円未満,619449,28058,0,0,0,0.045295093,0
13121,足立区,municipality,01,15～19歳,I14,1000～1250万円未満,619449,28058,0,0,0,0.045295093,0
13121,足立区,municipality,01,15～19歳,I15,1250～1500万円未満,619449,28058,0,0,0,0.045295093,0
13121,足立区,municipality,01,15～19歳,I16,1500万円以上,619449,28058,0,0,0,0.045295093,0
13121,足立区,municipality,02,20～24歳,I01,50万円未満（就業収入なしを含む）,619449,39657,13886.529,0.02241755,0.35016589,0.064019798,0.021548604
13121,足立区,municipality,02,20～24歳,I02,50～100万円未満,619449,39657,5642.3246,0.0091086185,0.14227815,0.064019798,0.0083308982
13121,足立区,municipality,02,20～24歳,I03,100～150万円未満,619449,39657,1849.4796,0.002985685,0.046636901,0.064019798,0.002869513
13121,足立区,municipality,02,20～24歳,I04,150～200万円未満,619449,39657,1105.3,0.0017843277,0.027871498,0.064019798,0.0017745674
13121,足立区,municipality,02,20～24歳,I05,200～250万円未満,619449,39657,3987.7367,0.0064375545,0.10055568,0.064019798,0.0065819822
13121,足立区,municipality,02,20～24歳,I06,250～300万円未満,619449,39657,4408.9777,0.0071175799,0.11117779,0.064019798,0.0074477462
13121,足立区,municipality,02,20～24歳,I07,300～400万円未満,619449,39657,5538.5747,0.008941131,0.13966197,0.064019798,0.0096169988
13121,足立区,municipality,02,20～24歳,I08,400～500万円未満,619449,39657,2030.1443,0.0032773389,0.051192583,0.064019798,0.0036265363
13121,足立区,municipality,02,20～24歳,I09,500～600万円未満,619449,39657,946.01931,0.0015271948,0.02385504,0.064019798,0.0017281358
13121,足立区,municipality,02,20～24歳,I10,600～700万円未満,619449,39657,77.132864,0.00012451851,0.001945,0.064019798,0.00014356834
13121,足立区,municipality,02,20～24歳,I11,700～800万円未満,619449,39657,184.78139,0.0002982996,0.0046594899,0.064019798,0.00035124806
13121,足立区,municipality,02,20～24歳,I12,800～900万円未満,619449,39657,0,0,0,0.064019798,0
13121,足立区,municipality,02,20～24歳,I13,900～1000万円未満,619449,39657,0,0,0,0.064019798,0
13121,足立区,municipality,02,20～24歳,I14,1000～1250万円未満,619449,39657,0,0,0,0.064019798,0
13121,足立区,municipality,02,20～24歳,I15,1250～1500万円未満,619449,39657,0,0,0,0.064019798,0
13121,足立区,municipality,02,20～24歳,I16,1500万円以上,619449,39657,0,0,0,0.064019798,0
13121,足立区,municipality,03,25～29歳,I01,50万円未満（就業収入なしを含む）,619449,45400,6383.1434,0.01030455,0.14059787,0.073290941,0.0099832186
13121,足立区,municipality,03,25～29歳,I02,50～100万円未満,619449,45400,784.64165,0.0012666768,0.017282856,0.073290941,0.0010799059
13121,足立区,municipality,03,25～29歳,I03,100～150万円未満,619449,45400,1489.5865,0.0024046959,0.032810275,0.073290941,0.0021539632
13121,足立区,municipality,03,25～29歳,I04,150～200万円未満,619449,45400,1465.2672,0.0023654364,0.032274608,0.073290941,0.002205403
13121,足立区,municipality,03,25～29歳,I05,200～250万円未満,619449,45400,4679.4456,0.0075542064,0.10307149,0.073290941,0.0072120918
13121,足立区,municipality,03,25～29歳,I06,250～300万円未満,619449,45400,3865.9235,0.0062409068,0.085152499,0.073290941,0.0060937074
13121,足立区,municipality,03,25～29歳,I07,300～400万円未満,619449,45400,10349.385,0.016707405,0.22796003,0.073290941,0.016762867
13121,足立区,municipality,03,25～29歳,I08,400～500万円未満,619449,45400,9161.0751,0.014789071,0.2017858,0.073290941,0.0152744
13121,足立区,municipality,03,25～29歳,I09,500～600万円未満,619449,45400,3829.9213,0.0061827871,0.0843595,0.073290941,0.0065433902
13121,足立区,municipality,03,25～29歳,I10,600～700万円未満,619449,45400,2056.2553,0.0033194908,0.045291967,0.073290941,0.0035774534
13121,足立区,municipality,03,25～29歳,I11,700～800万円未満,619449,45400,847.45116,0.0013680725,0.018666325,0.073290941,0.0015024023
13121,足立区,municipality,03,25～29歳,I12,800～900万円未満,619449,45400,199.94957,0.00032278617,0.0044041755,0.073290941,0.00035971304
13121,足立区,municipality,03,25～29歳,I13,900～1000万円未満,619449,45400,30.496579,4.9231783e-05,0.00067173081,0.073290941,5.7323216e-05
13121,足立区,municipality,03,25～29歳,I14,1000～1250万円未満,619449,45400,154.55491,0.00024950385,0.0034042931,0.073290941,0.00028721334
13121,足立区,municipality,03,25～29歳,I15,1250～1500万円未満,619449,45400,47.424985,7.6559951e-05,0.0010446032,0.073290941,9.0664252e-05
13121,足立区,municipality,03,25～29歳,I16,1500万円以上,619449,45400,55.478171,8.9560514e-05,0.0012219861,0.073290941,0.00010722464
13121,足立区,municipality,04,30～34歳,I01,50万円未満（就業収入なしを含む）,619449,41597,7210.1081,0.011639551,0.17333241,0.067151614,0.011295065
13121,足立区,municipality,04,30～34歳,I02,50～100万円未満,619449,41597,1407.744,0.0022725744,0.03384244,0.067151614,0.0019353971
13121,足立区,municipality,04,30～34歳,I03,100～150万円未満,619449,41597,1151.3961,0.0018587424,0.027679788,0.067151614,0.0016551703
13121,足立区,municipality,04,30～34歳,I04,150～200万円未満,619449,41597,1412.1971,0.0022797633,0.033949494,0.067151614,0.0020967124
13121,足立区,municipality,04,30～34歳,I05,200～250万円未満,619449,41597,2312.2944,0.0037328245,0.055588009,0.067151614,0.0035397803
13121,足立区,municipality,04,30～34歳,I06,250～300万円未満,619449,41597,2791.474,0.0045063823,0.06710758,0.067151614,0.0043608394
13121,足立区,municipality,04,30～34歳,I07,300～400万円未満,619449,41597,5810.3253,0.0093798284,0.13968135,0.067151614,0.00926034
13121,足立区,municipality,04,30～34歳,I08,400～500万円未満,619449,41597,5532.4876,0.0089313045,0.13300208,0.067151614,0.0090191614
13121,足立区,municipality,04,30～34歳,I09,500～600万円未満,619449,41597,5509.5724,0.0088943116,0.1324512,0.067151614,0.0092307531
13121,足立区,municipality,04,30～34歳,I10,600～700万円未満,619449,41597,3366.2875,0.0054343255,0.080926208,0.067151614,0.0056964515
13121,足立区,municipality,04,30～34歳,I11,700～800万円未満,619449,41597,1787.0669,0.0028849298,0.042961437,0.067151614,0.0030956241
13121,足立区,municipality,04,30～34歳,I12,800～900万円未満,619449,41597,1008.7867,0.0016285227,0.02425143,0.067151614,0.0017850511
13121,足立区,municipality,04,30～34歳,I13,900～1000万円未満,619449,41597,998.20512,0.0016114404,0.023997046,0.067151614,0.0017866637
13121,足立区,municipality,04,30～34歳,I14,1000～1250万円未満,619449,41597,870.89322,0.0014059159,0.020936443,0.067151614,0.0015778122
13121,足立区,municipality,04,30～34歳,I15,1250～1500万円未満,619449,41597,270.18212,0.00043616523,0.0064952309,0.067151614,0.00050267958
13121,足立区,municipality,04,30～34歳,I16,1500万円以上,619449,41597,157.97943,0.00025503218,0.0037978563,0.067151614,0.00031411226
13121,足立区,municipality,05,35～39歳,I01,50万円未満（就業収入なしを含む）,619449,44351,8492.815,0.013710273,0.19149095,0.0715975,0.01328154
13121,足立区,municipality,05,35～39歳,I02,50～100万円未満,619449,44351,1917.0454,0.003094759,0.0432244,0.0715975,0.0026535015
13121,足立区,municipality,05,35～39歳,I03,100～150万円未満,619449,44351,1850.4396,0.0029872348,0.041722613,0.0715975,0.0027329478
13121,足立区,municipality,05,35～39歳,I04,150～200万円未満,619449,44351,1628.9431,0.0026296646,0.036728441,0.0715975,0.0024240874
13121,足立区,municipality,05,35～39歳,I05,200～250万円未満,619449,44351,2894.09,0.0046720391,0.065254221,0.0715975,0.0044504907
13121,足立区,municipality,05,35～39歳,I06,250～300万円未満,619449,44351,2193.8447,0.0035416067,0.049465508,0.0715975,0.0034368118
13121,足立区,municipality,05,35～39歳,I07,300～400万円未満,619449,44351,4592.0229,0.0074130766,0.1035382,0.0715975,0.0073373294
13121,足立区,municipality,05,35～39歳,I08,400～500万円未満,619449,44351,4679.2724,0.0075539269,0.10550546,0.0715975,0.0076261781
13121,足立区,municipality,05,35～39歳,I09,500～600万円未満,619449,44351,4251.7608,0.0068637787,0.095866177,0.0715975,0.0070788442
13121,足立区,municipality,05,35～39歳,I10,600～700万円未満,619449,44351,3583.7892,0.0057854468,0.08080515,0.0715975,0.0060323189
13121,足立区,municipality,05,35～39歳,I11,700～800万円未満,619449,44351,2523.8998,0.0040744271,0.056907392,0.0715975,0.0043015889
13121,足立区,municipality,05,35～39歳,I12,800～900万円未満,619449,44351,2128.8066,0.0034366131,0.047999066,0.0715975,0.0036747549
13121,足立区,municipality,05,35～39歳,I13,900～1000万円未満,619449,44351,946.37812,0.0015277741,0.021338372,0.0715975,0.0016734838
13121,足立区,municipality,05,35～39歳,I14,1000～1250万円未満,619449,44351,1696.0854,0.002738055,0.038242327,0.0715975,0.0030536993
13121,足立区,municipality,05,35～39歳,I15,1250～1500万円未満,619449,44351,435.25423,0.0007026474,0.0098138538,0.0715975,0.00080217414
13121,足立区,municipality,05,35～39歳,I16,1500万円以上,619449,44351,536.55275,0.00086617744,0.012097873,0.0715975,0.0010377491
13121,足立区,municipality,06,40～44歳,I01,50万円未満（就業収入なしを含む）,619449,49362,9251.2504,0.014934644,0.18741644,0.079686948,0.01437232
13121,足立区,municipality,06,40～44歳,I02,50～100万円未満,619449,49362,3943.6636,0.0063664056,0.079892703,0.079686948,0.0055886135
13121,足立区,municipality,06,40～44歳,I03,100～150万円未満,619449,49362,2713.8673,0.0043810988,0.054978876,0.079686948,0.0040036053
13121,足立区,municipality,06,40～44歳,I04,150～200万円未満,619449,49362,1448.5987,0.0023385279,0.029346435,0.079686948,0.0021712006
13121,足立区,municipality,06,40～44歳,I05,200～250万円未満,619449,49362,2155.4392,0.0034796072,0.043665962,0.079686948,0.0033395654
13121,足立区,municipality,06,40～44歳,I06,250～300万円未満,619449,49362,1883.8593,0.0030411854,0.03816416,0.079686948,0.0029658428
13121,足立区,municipality,06,40～44歳,I07,300～400万円未満,619449,49362,5064.7789,0.0081762646,0.10260482,0.079686948,0.0080600248
13121,足立区,municipality,06,40～44歳,I08,400～500万円未満,619449,49362,4921.2469,0.0079445554,0.099697072,0.079686948,0.0080624889
13121,足立区,municipality,06,40～44歳,I09,500～600万円未満,619449,49362,3744.2543,0.0060444917,0.075852971,0.079686948,0.0062327206
13121,足立区,municipality,06,40～44歳,I10,600～700万円未満,619449,49362,4188.8077,0.006762151,0.084858954,0.079686948,0.0070803073
13121,足立区,municipality,06,40～44歳,I11,700～800万円未満,619449,49362,2552.3687,0.0041203855,0.051707157,0.079686948,0.0043704061
13121,足立区,municipality,06,40～44歳,I12,800～900万円未満,619449,49362,1813.9192,0.0029282786,0.03674728,0.079686948,0.0031339474
13121,足立区,municipality,06,40～44歳,I13,900～1000万円未満,619449,49362,1629.6096,0.0026307405,0.033013444,0.079686948,0.0028836932
13121,足立区,municipality,06,40～44歳,I14,1000～1250万円未満,619449,49362,2226.6471,0.0035945608,0.045108527,0.079686948,0.003983522
13121,足立区,municipality,06,40～44歳,I15,1250～1500万円未満,619449,49362,686.55001,0.0011083237,0.013908472,0.079686948,0.0012609672
13121,足立区,municipality,06,40～44歳,I16,1500万円以上,619449,49362,1137.139,0.0018357265,0.023036728,0.079686948,0.0021777226
13121,足立区,municipality,07,45～49歳,I01,50万円未満（就業収入なしを含む）,619449,58962,11276.926,0.018204769,0.19125752,0.095184591,0.017537592
13121,足立区,municipality,07,45～49歳,I02,50～100万円未満,619449,58962,3133.8413,0.0050590787,0.053150186,0.095184591,0.0044195125
13121,足立区,municipality,07,45～49歳,I03,100～150万円未満,619449,58962,3692.2313,0.0059605089,0.062620523,0.095184591,0.00548367
13121,足立区,municipality,07,45～49歳,I04,150～200万円未満,619449,58962,1763.215,0.0028464247,0.02990426,0.095184591,0.0026901128
13121,足立区,municipality,07,45～49歳,I05,200～250万円未満,619449,58962,3032.5599,0.0048955763,0.051432446,0.095184591,0.0047161034
13121,足立区,municipality,07,45～49歳,I06,250～300万円未満,619449,58962,2950.5722,0.0047632205,0.050041929,0.095184591,0.0046203989
13121,足立区,municipality,07,45～49歳,I07,300～400万円未満,619449,58962,5210.1786,0.0084109888,0.088365025,0.095184591,0.0083125874
13121,足立区,municipality,07,45～49歳,I08,400～500万円未満,619449,58962,5252.1529,0.0084787495,0.089076912,0.095184591,0.00852867
13121,足立区,municipality,07,45～49歳,I09,500～600万円未満,619449,58962,4535.6058,0.0073220004,0.076924219,0.095184591,0.0075505341
13121,足立区,municipality,07,45～49歳,I10,600～700万円未満,619449,58962,3995.3588,0.0064498592,0.067761589,0.095184591,0.0066851644
13121,足立区,municipality,07,45～49歳,I11,700～800万円未満,619449,58962,3631.1347,0.0058618783,0.06158432,0.095184591,0.0061395387
13121,足立区,municipality,07,45～49歳,I12,800～900万円未満,619449,58962,2395.032,0.0038663909,0.040619924,0.095184591,0.0041387196
13121,足立区,municipality,07,45～49歳,I13,900～1000万円未満,619449,58962,2222.399,0.003587703,0.037692056,0.095184591,0.0038246578
13121,足立区,municipality,07,45～49歳,I14,1000～1250万円未満,619449,58962,3430.0204,0.0055372119,0.058173406,0.095184591,0.0060347692
13121,足立区,municipality,07,45～49歳,I15,1250～1500万円未満,619449,58962,1073.7711,0.0017334294,0.018211239,0.095184591,0.0019272715
13121,足立区,municipality,07,45～49歳,I16,1500万円以上,619449,58962,1367.0011,0.0022068017,0.023184443,0.095184591,0.0025752892
13121,足立区,municipality,08,50～54歳,I01,50万円未満（就業収入なしを含む）,619449,54113,10946.846,0.017671909,0.20229605,0.087356667,0.017120656
13121,足立区,municipality,08,50～54歳,I02,50～100万円未満,619449,54113,4344.3712,0.0070132831,0.080283319,0.087356667,0.006211507
13121,足立区,municipality,08,50～54歳,I03,100～150万円未満,619449,54113,4001.6588,0.0064600295,0.073950046,0.087356667,0.0059146099
13121,足立区,municipality,08,50～54歳,I04,150～200万円未満,619449,54113,1651.9366,0.0026667839,0.030527538,0.087356667,0.0024986224
13121,足立区,municipality,08,50～54歳,I05,200～250万円未満,619449,54113,3232.5795,0.0052184756,0.059737577,0.087356667,0.0050055207
13121,足立区,municipality,08,50～54歳,I06,250～300万円未満,619449,54113,2922.953,0.0047186338,0.054015726,0.087356667,0.0045819157
13121,足立区,municipality,08,50～54歳,I07,300～400万円未満,619449,54113,4414.0294,0.007125735,0.081570591,0.087356667,0.0071077348
13121,足立区,municipality,08,50～54歳,I08,400～500万円未満,619449,54113,3800.28,0.0061349361,0.070228596,0.087356667,0.0062002882
13121,足立区,municipality,08,50～54歳,I09,500～600万円未満,619449,54113,3030.092,0.0048915924,0.055995639,0.087356667,0.0050969374
13121,足立区,municipality,08,50～54歳,I10,600～700万円未満,619449,54113,3414.4264,0.005512038,0.063098081,0.087356667,0.0057530389
13121,足立区,municipality,08,50～54歳,I11,700～800万円未満,619449,54113,2282.1752,0.0036842019,0.04217425,0.087356667,0.003897752
13121,足立区,municipality,08,50～54歳,I12,800～900万円未満,619449,54113,2385.0914,0.0038503435,0.044076127,0.087356667,0.0041535916
13121,足立区,municipality,08,50～54歳,I13,900～1000万円未満,619449,54113,1764.9057,0.0028491541,0.032615188,0.087356667,0.0030772426
13121,足立区,municipality,08,50～54歳,I14,1000～1250万円未満,619449,54113,3283.7945,0.0053011539,0.060684022,0.087356667,0.0058587919
13121,足立区,municipality,08,50～54歳,I15,1250～1500万円未満,619449,54113,1291.289,0.0020845768,0.023862825,0.087356667,0.0023393321
13121,足立区,municipality,08,50～54歳,I16,1500万円以上,619449,54113,1346.5707,0.0021738201,0.024884421,0.087356667,0.002539126
13121,足立区,municipality,09,55～59歳,I01,50万円未満（就業収入なしを含む）,619449,44794,10869.885,0.017547668,0.24266387,0.072312652,0.01682568
13121,足立区,municipality,09,55～59歳,I02,50～100万円未満,619449,44794,2855.2982,0.004609416,0.063742871,0.072312652,0.0040410013
13121,足立区,municipality,09,55～59歳,I03,100～150万円未満,619449,44794,2568.2877,0.0041460841,0.057335529,0.072312652,0.0038275131
13121,足立区,municipality,09,55～59歳,I04,150～200万円未満,619449,44794,1364.6028,0.00220293,0.030463964,0.072312652,0.0020600078
13121,足立区,municipality,09,55～59歳,I05,200～250万円未満,619449,44794,2788.6196,0.0045017743,0.062254311,0.072312652,0.0043179955
13121,足立区,municipality,09,55～59歳,I06,250～300万円未満,619449,44794,1943.8482,0.0031380279,0.043395282,0.072312652,0.0030504906
13121,足立区,municipality,09,55～59歳,I07,300～400万円未満,619449,44794,3512.1643,0.00566982,0.078407026,0.072312652,0.0056153159
13121,足立区,municipality,09,55～59歳,I08,400～500万円未満,619449,44794,2964.933,0.0047864038,0.066190405,0.072312652,0.0048284872
13121,足立区,municipality,09,55～59歳,I09,500～600万円未満,619449,44794,2562.0168,0.0041359609,0.057195536,0.072312652,0.0042710443
13121,足立区,municipality,09,55～59歳,I10,600～700万円未満,619449,44794,2091.4558,0.0033763165,0.046690536,0.072312652,0.003493333
13121,足立区,municipality,09,55～59歳,I11,700～800万円未満,619449,44794,2210.3819,0.0035683032,0.049345489,0.072312652,0.0037682338
13121,足立区,municipality,09,55～59歳,I12,800～900万円未満,619449,44794,2034.2017,0.0032838889,0.04541237,0.072312652,0.0035501541
13121,足立区,municipality,09,55～59歳,I13,900～1000万円未満,619449,44794,1557.3915,0.0025141561,0.034767859,0.072312652,0.0027144043
13121,足立区,municipality,09,55～59歳,I14,1000～1250万円未満,619449,44794,2902.2616,0.0046852309,0.064791303,0.072312652,0.0051562454
13121,足立区,municipality,09,55～59歳,I15,1250～1500万円未満,619449,44794,976.39929,0.0015762384,0.021797546,0.072312652,0.0017837845
13121,足立区,municipality,09,55～59歳,I16,1500万円以上,619449,44794,1592.2521,0.0025704329,0.035546102,0.072312652,0.0030089617
13121,足立区,municipality,10,60～64歳,I01,50万円未満（就業収入なしを含む）,619449,35667,11305.188,0.018250394,0.31696493,0.05757859,0.017891165
13121,足立区,municipality,10,60～64歳,I02,50～100万円未満,619449,35667,3071.9597,0.0049591809,0.086128906,0.05757859,0.004465201
13121,足立区,municipality,10,60～64歳,I03,100～150万円未満,619449,35667,2410.9372,0.0038920673,0.067595738,0.05757859,0.0036397449
13121,足立区,municipality,10,60～64歳,I04,150～200万円未満,619449,35667,1540.6034,0.0024870545,0.043194085,0.05757859,0.0023952555
13121,足立区,municipality,10,60～64歳,I05,200～250万円未満,619449,35667,2233.767,0.0036060547,0.062628396,0.05757859,0.0035583628
13121,足立区,municipality,10,60～64歳,I06,250～300万円未満,619449,35667,2174.2499,0.003509974,0.060959707,0.05757859,0.0034982066
13121,足立区,municipality,10,60～64歳,I07,300～400万円未満,619449,35667,4024.3282,0.0064966256,0.11283058,0.05757859,0.0065406533
13121,足立区,municipality,10,60～64歳,I08,400～500万円未満,619449,35667,2293.3401,0.0037022258,0.064298653,0.05757859,0.0038164539
13121,足立区,municipality,10,60～64歳,I09,500～600万円未満,619449,35667,1695.1399,0.0027365287,0.047526844,0.05757859,0.0028600972
13121,足立区,municipality,10,60～64歳,I10,600～700万円未満,619449,35667,1091.4737,0.0017620074,0.030601782,0.05757859,0.0018991293
13121,足立区,municipality,10,60～64歳,I11,700～800万円未満,619449,35667,730.17868,0.0011787551,0.020472108,0.05757859,0.0012749662
13121,足立区,municipality,10,60～64歳,I12,800～900万円未満,619449,35667,727.09295,0.0011737737,0.020385593,0.05757859,0.0012830704
13121,足立区,municipality,10,60～64歳,I13,900～1000万円未満,619449,35667,502.82873,0.00081173547,0.01409787,0.05757859,0.0009197114
13121,足立区,municipality,10,60～64歳,I14,1000～1250万円未満,619449,35667,815.8169,0.0013170041,0.022873157,0.05757859,0.0014997065
13121,足立区,municipality,10,60～64歳,I15,1250～1500万円未満,619449,35667,282.73357,0.00045642751,0.0079270353,0.05757859,0.00052749468
13121,足立区,municipality,10,60～64歳,I16,1500万円以上,619449,35667,767.36197,0.0012387815,0.021514621,0.05757859,0.001509371
13121,足立区,municipality,11,65～69歳,I01,50万円未満（就業収入なしを含む）,619449,37154,18965.971,0.030617486,0.51046915,0.05997911,0.03015568
13121,足立区,municipality,11,65～69歳,I02,50～100万円未満,619449,37154,3426.7919,0.0055320001,0.092232112,0.05997911,0.0051231427
13121,足立区,municipality,11,65～69歳,I03,100～150万円未満,619449,37154,3297.7342,0.0053236574,0.088758525,0.05997911,0.0051071873
13121,足立区,municipality,11,65～69歳,I04,150～200万円未満,619449,37154,2088.7881,0.0033720097,0.056219736,0.05997911,0.0033072031
13121,足立区,municipality,11,65～69歳,I05,200～250万円未満,619449,37154,2395.6089,0.0038673223,0.064477821,0.05997911,0.003887175
13121,足立区,municipality,11,65～69歳,I06,250～300万円未満,619449,37154,1339.9997,0.0021632123,0.036066095,0.05997911,0.0022149509
13121,足立区,municipality,11,65～69歳,I07,300～400万円未満,619449,37154,1854.2184,0.0029933351,0.049906294,0.05997911,0.0031299111
13121,足立区,municipality,11,65～69歳,I08,400～500万円未満,619449,37154,1137.8783,0.0018369201,0.030625998,0.05997911,0.0019979505
13121,足立区,municipality,11,65～69歳,I09,500～600万円未満,619449,37154,516.7307,0.00083417796,0.013907808,0.05997911,0.00091406862
13121,足立区,municipality,11,65～69歳,I10,600～700万円未満,619449,37154,437.09086,0.00070561234,0.011764302,0.05997911,0.0008001913
13121,足立区,municipality,11,65～69歳,I11,700～800万円未満,619449,37154,266.52026,0.00043025376,0.0071733935,0.05997911,0.00049790541
13121,足立区,municipality,11,65～69歳,I12,800～900万円未満,619449,37154,219.96673,0.00035510062,0.0059204049,0.05997911,0.00041263033
13121,足立区,municipality,11,65～69歳,I13,900～1000万円未満,619449,37154,184.00224,0.00029704179,0.0049524208,0.05997911,0.00034628408
13121,足立区,municipality,11,65～69歳,I14,1000～1250万円未満,619449,37154,323.14854,0.00052167094,0.0086975437,0.05997911,0.00063828757
13121,足立区,municipality,11,65～69歳,I15,1250～1500万円未満,619449,37154,225.18203,0.00036351989,0.0060607749,0.05997911,0.00044346192
13121,足立区,municipality,11,65～69歳,I16,1500万円以上,619449,37154,474.3681,0.0007657904,0.012767618,0.05997911,0.0010030806
13121,足立区,municipality,12,70～74歳,I01,50万円未満（就業収入なしを含む）,619449,43912,28798.662,0.046490772,0.65582671,0.070888806,0.045910532
13121,足立区,municipality,12,70～74歳,I02,50～100万円未満,619449,43912,4157.881,0.0067122249,0.094686669,0.070888806,0.0063062237
13121,足立区,municipality,12,70～74歳,I03,100～150万円未満,619449,43912,2957.5433,0.0047744742,0.067351596,0.070888806,0.004695211
13121,足立区,municipality,12,70～74歳,I04,150～200万円未満,619449,43912,1803.844,0.0029120138,0.041078612,0.070888806,0.0029452462
13121,足立区,municipality,12,70～74歳,I05,200～250万円未満,619449,43912,2030.6779,0.0032782003,0.046244259,0.070888806,0.0033666547
13121,足立区,municipality,12,70～74歳,I06,250～300万円未満,619449,43912,1014.9414,0.0016384585,0.023113077,0.070888806,0.0017268588
13121,足立区,municipality,12,70～74歳,I07,300～400万円未満,619449,43912,861.62768,0.0013909582,0.019621691,0.070888806,0.0015145966
13121,足立区,municipality,12,70～74歳,I08,400～500万円未満,619449,43912,737.79533,0.001191051,0.016801679,0.070888806,0.0013232105
13121,足立区,municipality,12,70～74歳,I09,500～600万円未満,619449,43912,407.9032,0.0006584936,0.0092891056,0.070888806,0.00075985585
13121,足立区,municipality,12,70～74歳,I10,600～700万円未満,619449,43912,224.00055,0.00036161258,0.0051011238,0.070888806,0.0004105559
13121,足立区,municipality,12,70～74歳,I11,700～800万円未満,619449,43912,87.765524,0.00014168321,0.0019986683,0.070888806,0.0001671943
13121,足立区,municipality,12,70～74歳,I12,800～900万円未満,619449,43912,101.61434,0.00016403988,0.0023140449,0.070888806,0.00020305595
13121,足立区,municipality,12,70～74歳,I13,900～1000万円未満,619449,43912,43.157342,6.9670533e-05,0.00098281432,0.070888806,8.9569734e-05
13121,足立区,municipality,12,70～74歳,I14,1000～1250万円未満,619449,43912,230.56181,0.00037220468,0.0052505423,0.070888806,0.00048554673
13121,足立区,municipality,12,70～74歳,I15,1250～1500万円未満,619449,43912,122.84438,0.00019831233,0.0027975127,0.070888806,0.00025990004
13121,足立区,municipality,12,70～74歳,I16,1500万円以上,619449,43912,331.17983,0.00053463615,0.0075418981,0.070888806,0.00072459431
13121,足立区,municipality,13,75歳以上,I01,50万円未満（就業収入なしを含む）,619449,96422,84143.634,0.13583626,0.87266012,0.15565769,0.13503871
13121,足立区,municipality,13,75歳以上,I02,50～100万円未満,619449,96422,3483.7904,0.0056240149,0.036130659,0.15565769,0.0052810558
13121,足立区,municipality,13,75歳以上,I03,100～150万円未満,619449,96422,2116.3537,0.00341651,0.021948868,0.15565769,0.0033777883
13121,足立区,municipality,13,75歳以上,I04,150～200万円未満,619449,96422,1761.4688,0.0028436059,0.018268329,0.15565769,0.0028948435
13121,足立区,municipality,13,75歳以上,I05,200～250万円未満,619449,96422,969.40648,0.0015649496,0.010053789,0.15565769,0.0016257066
13121,足立区,municipality,13,75歳以上,I06,250～300万円未満,619449,96422,581.46737,0.00093868481,0.0060304429,0.15565769,0.0010003305
13121,足立区,municipality,13,75歳以上,I07,300～400万円未満,619449,96422,1062.3942,0.0017150632,0.011018172,0.15565769,0.0018769484
13121,足立区,municipality,13,75歳以上,I08,400～500万円未満,619449,96422,566.82006,0.00091503911,0.0058785346,0.15565769,0.0010517682
13121,足立区,municipality,13,75歳以上,I09,500～600万円未満,619449,96422,463.38123,0.00074805388,0.0048057625,0.15565769,0.00087529156
13121,足立区,municipality,13,75歳以上,I10,600～700万円未満,619449,96422,269.22138,0.00043461427,0.0027921157,0.15565769,0.00052535035
13121,足立区,municipality,13,75歳以上,I11,700～800万円未満,619449,96422,125.40338,0.00020244343,0.0013005682,0.15565769,0.00024690511
13121,足立区,municipality,13,75歳以上,I12,800～900万円未満,619449,96422,121.03902,0.00019539788,0.0012553051,0.15565769,0.00024363258
13121,足立区,municipality,13,75歳以上,I13,900～1000万円未満,619449,96422,162.09465,0.00026167554,0.0016810961,0.15565769,0.00033276631
13121,足立区,municipality,13,75歳以上,I14,1000～1250万円未満,619449,96422,204.97211,0.00033089425,0.0021257816,0.15565769,0.00042993745
13121,足立区,municipality,13,75歳以上,I15,1250～1500万円未満,619449,96422,103.14656,0.00016651339,0.0010697409,0.15565769,0.00022450644
13121,足立区,municipality,13,75歳以上,I16,1500万円以上,619449,96422,287.40645,0.00046397113,0.0029807145,0.15565769,0.00063214695
13382,御蔵島村,municipality,01,15～19歳,I01,50万円未満（就業収入なしを含む）,263,0,0,0,,0,0
13382,御蔵島村,municipality,01,15～19歳,I02,50～100万円未満,263,0,0,0,,0,0
13382,御蔵島村,municipality,01,15～19歳,I03,100～150万円未満,263,0,0,0,,0,0
13382,御蔵島村,municipality,01,15～19歳,I04,150～200万円未満,263,0,0,0,,0,0
13382,御蔵島村,municipality,01,15～19歳,I05,200～250万円未満,263,0,0,0,,0,0
13382,御蔵島村,municipality,01,15～19歳,I06,250～300万円未満,263,0,0,0,,0,0
13382,御蔵島村,municipality,01,15～19歳,I07,300～400万円未満,263,0,0,0,,0,0
13382,御蔵島村,municipality,01,15～19歳,I08,400～500万円未満,263,0,0,0,,0,0
13382,御蔵島村,municipality,01,15～19歳,I09,500～600万円未満,263,0,0,0,,0,0
13382,御蔵島村,municipality,01,15～19歳,I10,600～700万円未満,263,0,0,0,,0,0
13382,御蔵島村,municipality,01,15～19歳,I11,700～800万円未満,263,0,0,0,,0,0
13382,御蔵島村,municipality,01,15～19歳,I12,800～900万円未満,263,0,0,0,,0,0
13382,御蔵島村,municipality,01,15～19歳,I13,900～1000万円未満,263,0,0,0,,0,0
13382,御蔵島村,municipality,01,15～19歳,I14,1000～1250万円未満,263,0,0,0,,0,0
13382,御蔵島村,municipality,01,15～19歳,I15,1250～1500万円未満,263,0,0,0,,0,0
13382,御蔵島村,municipality,01,15～19歳,I16,1500万円以上,263,0,0,0,,0,0
13382,御蔵島村,municipality,02,20～24歳,I01,50万円未満（就業収入なしを含む）,263,9,1.664415,0.006328574,0.18493499,0.034220532,0.0053737732
13382,御蔵島村,municipality,02,20～24歳,I02,50～100万円未満,263,9,2.3111224,0.0087875378,0.25679138,0.034220532,0.0082402077
13382,御蔵島村,municipality,02,20～24歳,I03,100～150万円未満,263,9,0.76988344,0.0029273135,0.085542605,0.034220532,0.0029062419
13382,御蔵島村,municipality,02,20～24歳,I04,150～200万円未満,263,9,0.48836227,0.0018568907,0.054262474,0.034220532,0.0019199366
13382,御蔵島村,municipality,02,20～24歳,I05,200～250万円未満,263,9,1.1708837,0.0044520292,0.13009819,0.034220532,0.0047405246
13382,御蔵島村,municipality,02,20～24歳,I06,250～300万円未満,263,9,0.97880053,0.003721675,0.10875561,0.034220532,0.0040610814
13382,御蔵島村,municipality,02,20～24歳,I07,300～400万円未満,263,9,1.0774025,0.0040965874,0.11971139,0.034220532,0.0045940538
13382,御蔵島村,municipality,02,20～24歳,I08,400～500万円未満,263,9,0.36071011,0.0013715213,0.040078902,0.034220532,0.0015811323
13382,御蔵島村,municipality,02,20～24歳,I09,500～600万円未満,263,9,0.13789701,0.00052432323,0.01532189,0.034220532,0.0006151459
13382,御蔵島村,municipality,02,20～24歳,I10,600～700万円未満,263,9,0.0092695065,3.5245272e-05,0.0010299452,0.034220532,4.1698719e-05
13382,御蔵島村,municipality,02,20～24歳,I11,700～800万円未満,263,9,0.031253586,0.00011883493,0.0034726207,0.034220532,0.0001467363
13382,御蔵島村,municipality,02,20～24歳,I12,800～900万円未満,263,9,0,0,0,0.034220532,0
13382,御蔵島村,municipality,02,20～24歳,I13,900～1000万円未満,263,9,0,0,0,0.034220532,0
13382,御蔵島村,municipality,02,20～24歳,I14,1000～1250万円未満,263,9,0,0,0,0.034220532,0
13382,御蔵島村,municipality,02,20～24歳,I15,1250～1500万円未満,263,9,0,0,0,0.034220532,0
13382,御蔵島村,municipality,02,20～24歳,I16,1500万円以上,263,9,0,0,0,0.034220532,0
13382,御蔵島村,municipality,03,25～29歳,I01,50万円未満（就業収入なしを含む）,263,25,4.0747493,0.015493343,0.16298997,0.095057034,0.014900832
13382,御蔵島村,municipality,03,25～29歳,I02,50～100万円未満,263,25,0.51404478,0.0019545429,0.020561791,0.095057034,0.001655087
13382,御蔵島村,municipality,03,25～29歳,I03,100～150万円未満,263,25,1.1427828,0.0043451819,0.045711314,0.095057034,0.0038956073
13382,御蔵島村,municipality,03,25～29歳,I04,150～200万円未満,263,25,0.94514816,0.0035937193,0.037805927,0.095057034,0.0033716176
13382,御蔵島村,municipality,03,25～29歳,I05,200～250万円未満,263,25,2.5774747,0.0098002841,0.10309899,0.095057034,0.0094030523
13382,御蔵島村,municipality,03,25～29歳,I06,250～300万円未満,263,25,2.0059047,0.007627014,0.080236187,0.095057034,0.0074906378
13382,御蔵島村,municipality,03,25～29歳,I07,300～400万円未満,263,25,5.1201138,0.019468113,0.20480455,0.095057034,0.019637737
13382,御蔵島村,municipality,03,25～29歳,I08,400～500万円未満,263,25,4.7906418,0.018215368,0.19162567,0.095057034,0.018924551
13382,御蔵島村,municipality,03,25～29歳,I09,500～600万円未満,263,25,1.9995371,0.0076028028,0.079981485,0.095057034,0.0081009329
13382,御蔵島村,municipality,03,25～29歳,I10,600～700万円未満,263,25,1.0953828,0.0041649537,0.043815313,0.095057034,0.0045263197
13382,御蔵島村,municipality,03,25～29歳,I11,700～800万円未満,263,25,0.46247056,0.0017584432,0.018498822,0.095057034,0.0019501129
13382,御蔵島村,municipality,03,25～29歳,I12,800～900万円未満,263,25,0.11208117,0.00042616416,0.004483247,0.095057034,0.00048025858
13382,御蔵島村,municipality,03,25～29歳,I13,900～1000万円未満,263,25,0.010799296,4.106196e-05,0.00043197182,0.095057034,4.9274199e-05
13382,御蔵島村,municipality,03,25～29歳,I14,1000～1250万円未満,263,25,0.092247541,0.00035075111,0.0036899017,0.095057034,0.00040978391
13382,御蔵島村,municipality,03,25～29歳,I15,1250～1500万円未満,263,25,0.027861847,0.00010593858,0.0011144739,0.095057034,0.00012763854
13382,御蔵島村,municipality,03,25～29歳,I16,1500万円以上,263,25,0.028759588,0.00010935205,0.0011503835,0.095057034,0.00013359116
13382,御蔵島村,municipality,04,30～34歳,I01,50万円未満（就業収入なしを含む）,263,33,3.4953957,0.013290478,0.10592108,0.12547529,0.01225788
13382,御蔵島村,municipality,04,30～34歳,I02,50～100万円未満,263,33,1.7774773,0.006758469,0.05386295,0.12547529,0.0057637521
13382,御蔵島村,municipality,04,30～34歳,I03,100～150万円未満,263,33,1.3377823,0.0050866247,0.040538857,0.12547529,0.0045815973
13382,御蔵島村,municipality,04,30～34歳,I04,150～200万円未満,263,33,1.5834028,0.0060205429,0.047981902,0.12547529,0.0056097318
13382,御蔵島村,municipality,04,30～34歳,I05,200～250万円未満,263,33,2.2879543,0.0086994459,0.069331947,0.12547529,0.0083598131
13382,御蔵島村,municipality,04,30～34歳,I06,250～300万円未満,263,33,2.6968301,0.010254107,0.081722126,0.12547529,0.010064799
13382,御蔵島村,municipality,04,30～34歳,I07,300～400万円未満,263,33,4.5961924,0.017476017,0.13927856,0.12547529,0.017413698
13382,御蔵島村,municipality,04,30～34歳,I08,400～500万円未満,263,33,4.3075197,0.016378402,0.1305309,0.12547529,0.016680702
13382,御蔵島村,municipality,04,30～34歳,I09,500～600万円未満,263,33,4.2383931,0.016115563,0.12843615,0.12547529,0.016883596
13382,御蔵島村,municipality,04,30～34歳,I10,600～700万円未満,263,33,2.5701315,0.0097723631,0.077882773,0.12547529,0.010317373
13382,御蔵島村,municipality,04,30～34歳,I11,700～800万円未満,263,33,1.4397019,0.0054741519,0.043627332,0.12547529,0.0059570552
13382,御蔵島村,municipality,04,30～34歳,I12,800～900万円未満,263,33,0.86058278,0.0032721779,0.026078266,0.12547529,0.0036445526
13382,御蔵島村,municipality,04,30～34歳,I13,900～1000万円未満,263,33,0.72377198,0.0027519847,0.021932484,0.12547529,0.003092403
13382,御蔵島村,municipality,04,30～34歳,I14,1000～1250万円未満,263,33,0.64536744,0.0024538686,0.019556589,0.12547529,0.0027883251
13382,御蔵島村,municipality,04,30～34歳,I15,1250～1500万円未満,263,33,0.25901011,0.00098482932,0.0078487913,0.12547529,0.0011802667
13382,御蔵島村,municipality,04,30～34歳,I16,1500万円以上,263,33,0.18048661,0.00068626088,0.0054692912,0.12547529,0.00087973981
13382,御蔵島村,municipality,05,35～39歳,I01,50万円未満（就業収入なしを含む）,263,33,8.8145134,0.03351526,0.26710647,0.12547529,0.032472013
13382,御蔵島村,municipality,05,35～39歳,I02,50～100万円未満,263,33,1.7743076,0.0067464167,0.053766897,0.12547529,0.0058392842
13382,御蔵島村,municipality,05,35～39歳,I03,100～150万円未満,263,33,1.4974606,0.0056937664,0.045377593,0.12547529,0.0052963454
13382,御蔵島村,municipality,05,35～39歳,I04,150～200万円未満,263,33,1.1305843,0.0042987996,0.03426013,0.12547529,0.0040227193
13382,御蔵島村,municipality,05,35～39歳,I05,200～250万円未満,263,33,2.1591036,0.0082095193,0.065427381,0.12547529,0.0079531305
13382,御蔵島村,municipality,05,35～39歳,I06,250～300万円未満,263,33,1.4443558,0.0054918473,0.043768359,0.12547529,0.0054144684
13382,御蔵島村,municipality,05,35～39歳,I07,300～400万円未満,263,33,2.9063455,0.011050743,0.088071076,0.12547529,0.011028566
13382,御蔵島村,municipality,05,35～39歳,I08,400～500万円未満,263,33,2.9034045,0.011039561,0.087981955,0.12547529,0.011216102
13382,御蔵島村,municipality,05,35～39歳,I09,500～600万円未満,263,33,2.6753417,0.010172402,0.081070961,0.12547529,0.010545811
13382,御蔵島村,municipality,05,35～39歳,I10,600～700万円未満,263,33,2.3087304,0.0087784427,0.069961528,0.12547529,0.0091840075
13382,御蔵島村,municipality,05,35～39歳,I11,700～800万円未満,263,33,1.7207284,0.0065426935,0.052143284,0.12547529,0.0069428677
13382,御蔵島村,municipality,05,35～39歳,I12,800～900万円未満,263,33,1.4027675,0.0053337168,0.042508107,0.12547529,0.0057459725
13382,御蔵島村,municipality,05,35～39歳,I13,900～1000万円未満,263,33,0.62908623,0.0023919628,0.019063219,0.12547529,0.0026586964
13382,御蔵島村,municipality,05,35～39歳,I14,1000～1250万円未満,263,33,1.0664935,0.0040551085,0.032317986,0.12547529,0.0045851958
13382,御蔵島村,municipality,05,35～39歳,I15,1250～1500万円未満,263,33,0.25785172,0.00098042477,0.0078136884,0.12547529,0.0011320726
13382,御蔵島村,municipality,05,35～39歳,I16,1500万円以上,263,33,0.3089252,0.0011746205,0.0093613698,0.12547529,0.0014380343
13382,御蔵島村,municipality,06,40～44歳,I01,50万円未満（就業収入なしを含む）,263,34,4.9326159,0.018755193,0.14507694,0.12927757,0.017308915
13382,御蔵島村,municipality,06,40～44歳,I02,50～100万円未満,263,34,3.3472963,0.012727362,0.09844989,0.12927757,0.011358451
13382,御蔵島村,municipality,06,40～44歳,I03,100～150万円未満,263,34,2.2696726,0.008629934,0.066755078,0.12927757,0.0080320456
13382,御蔵島村,municipality,06,40～44歳,I04,150～200万円未満,263,34,1.0983783,0.0041763434,0.032305244,0.12927757,0.0039420776
13382,御蔵島村,municipality,06,40～44歳,I05,200～250万円未満,263,34,1.5104758,0.0057432542,0.04442576,0.12927757,0.0056118179
13382,御蔵島村,municipality,06,40～44歳,I06,250～300万円未満,263,34,1.2949499,0.0049237638,0.038086761,0.12927757,0.0048580019
13382,御蔵島村,municipality,06,40～44歳,I07,300～400万円未満,263,34,3.6117577,0.013732919,0.10622817,0.12927757,0.013591506
13382,御蔵島村,municipality,06,40～44歳,I08,400～500万円未満,263,34,3.3227328,0.012633965,0.097727436,0.12927757,0.012868211
13382,御蔵島村,municipality,06,40～44歳,I09,500～600万円未満,263,34,2.4999659,0.0095055737,0.073528408,0.12927757,0.0097972902
13382,御蔵島村,municipality,06,40～44歳,I10,600～700万円未満,263,34,2.9571672,0.011243982,0.086975505,0.12927757,0.01180291
13382,御蔵島村,municipality,06,40～44歳,I11,700～800万円未満,263,34,1.8061373,0.0068674421,0.053121684,0.12927757,0.0072949401
13382,御蔵島村,municipality,06,40～44歳,I12,800～900万円未満,263,34,1.3085752,0.0049755713,0.038487507,0.12927757,0.0053542527
13382,御蔵島村,municipality,06,40～44歳,I13,900～1000万円未満,263,34,1.1417932,0.0043414192,0.033582154,0.12927757,0.0047766906
13382,御蔵島村,municipality,06,40～44歳,I14,1000～1250万円未満,263,34,1.534703,0.0058353726,0.045138323,0.12927757,0.0065183821
13382,御蔵島村,municipality,06,40～44歳,I15,1250～1500万円未満,263,34,0.56885974,0.0021629648,0.016731169,0.12927757,0.0025151919
13382,御蔵島村,municipality,06,40～44歳,I16,1500万円以上,263,34,0.7949192,0.0030225064,0.023379976,0.12927757,0.0036468832
13382,御蔵島村,municipality,07,45～49歳,I01,50万円未満（就業収入なしを含む）,263,23,3.5200511,0.013384225,0.1530457,0.087452471,0.0125685
13382,御蔵島村,municipality,07,45～49歳,I02,50～100万円未満,263,23,1.5468008,0.0058813718,0.067252208,0.087452471,0.0052057499
13382,御蔵島村,municipality,07,45～49歳,I03,100～150万円未満,263,23,1.7025098,0.0064734212,0.074022164,0.087452471,0.0060706195
13382,御蔵島村,municipality,07,45～49歳,I04,150～200万円未満,263,23,0.78542723,0.0029864153,0.03414901,0.087452471,0.0028822147
13382,御蔵島村,municipality,07,45～49歳,I05,200～250万円未満,263,23,1.2134441,0.0046138557,0.052758437,0.087452471,0.0045347619
13382,御蔵島村,municipality,07,45～49歳,I06,250～300万円未満,263,23,1.1787199,0.0044818247,0.051248692,0.087452471,0.004403548
13382,御蔵島村,municipality,07,45～49歳,I07,300～400万円未満,263,23,1.97639,0.007514791,0.085930002,0.087452471,0.0074419085
13382,御蔵島村,municipality,07,45～49歳,I08,400～500万円未満,263,23,1.9710186,0.0074943672,0.08569646,0.087452471,0.0074874384
13382,御蔵島村,municipality,07,45～49歳,I09,500～600万円未満,263,23,1.7098184,0.0065012108,0.074339932,0.087452471,0.0066842738
13382,御蔵島村,municipality,07,45～49歳,I10,600～700万円未満,263,23,1.6332674,0.0062101423,0.071011627,0.087452471,0.0064189653
13382,御蔵島村,municipality,07,45～49歳,I11,700～800万円未満,263,23,1.4737806,0.0056037284,0.064077416,0.087452471,0.0058560328
13382,御蔵島村,municipality,07,45～49歳,I12,800～900万円未満,263,23,0.98512911,0.0037457381,0.042831701,0.087452471,0.0040109458
13382,御蔵島村,municipality,07,45～49歳,I13,900～1000万円未満,263,23,0.94664031,0.0035993928,0.041158274,0.087452471,0.0038492432
13382,御蔵島村,municipality,07,45～49歳,I14,1000～1250万円未満,263,23,1.405156,0.0053427985,0.061093739,0.087452471,0.005850883
13382,御蔵島村,municipality,07,45～49歳,I15,1250～1500万円未満,263,23,0.46214075,0.0017571892,0.020093076,0.087452471,0.0019689375
13382,御蔵島村,municipality,07,45～49歳,I16,1500万円以上,263,23,0.48970595,0.0018619998,0.021291563,0.087452471,0.0022184495
13382,御蔵島村,municipality,08,50～54歳,I01,50万円未満（就業収入なしを含む）,263,17,2.6013903,0.0098912178,0.15302296,0.064638783,0.0093623213
13382,御蔵島村,municipality,08,50～54歳,I02,50～100万円未満,263,17,1.2862377,0.0048906375,0.075661039,0.064638783,0.0043545995
13382,御蔵島村,municipality,08,50～54歳,I03,100～150万円未満,263,17,1.2765131,0.0048536619,0.075089005,0.064638783,0.0044424976
13382,御蔵島村,municipality,08,50～54歳,I04,150～200万円未満,263,17,0.53810055,0.0020460097,0.031652974,0.064638783,0.0019148798
13382,御蔵島村,municipality,08,50～54歳,I05,200～250万円未満,263,17,0.92423776,0.003514212,0.054366927,0.064638783,0.0033777002
13382,御蔵島村,municipality,08,50～54歳,I06,250～300万円未満,263,17,0.98687603,0.0037523803,0.058051531,0.064638783,0.0036348314
13382,御蔵島村,municipality,08,50～54歳,I07,300～400万円未満,263,17,1.3911619,0.0052895889,0.081833051,0.064638783,0.0052291339
13382,御蔵島村,municipality,08,50～54歳,I08,400～500万円未満,263,17,1.2952371,0.004924856,0.076190419,0.064638783,0.0049011672
13382,御蔵島村,municipality,08,50～54歳,I09,500～600万円未満,263,17,0.89206241,0.0033918723,0.05247426,0.064638783,0.0034930571
13382,御蔵島村,municipality,08,50～54歳,I10,600～700万円未満,263,17,1.2121232,0.0046088334,0.071301365,0.064638783,0.0047726
13382,御蔵島村,municipality,08,50～54歳,I11,700～800万円未満,263,17,0.82737463,0.0031459111,0.048669096,0.064638783,0.0033076933
13382,御蔵島村,municipality,08,50～54歳,I12,800～900万円未満,263,17,0.84914815,0.0032287002,0.049949891,0.064638783,0.003461198
13382,御蔵島村,municipality,08,50～54歳,I13,900～1000万円未満,263,17,0.71975121,0.0027366966,0.042338306,0.064638783,0.002950827
13382,御蔵島村,municipality,08,50～54歳,I14,1000～1250万円未満,263,17,1.2867184,0.0048924654,0.075689318,0.064638783,0.0054156552
13382,御蔵島村,municipality,08,50～54歳,I15,1250～1500万円未満,263,17,0.51592258,0.0019616828,0.030348387,0.064638783,0.0022186658
13382,御蔵島村,municipality,08,50～54歳,I16,1500万円以上,263,17,0.39714505,0.0015100572,0.023361474,0.064638783,0.0018019559
13382,御蔵島村,municipality,09,55～59歳,I01,50万円未満（就業収入なしを含む）,263,16,2.0392229,0.0077536992,0.12745143,0.060836502,0.0068758305
13382,御蔵島村,municipality,09,55～59歳,I02,50～100万円未満,263,16,1.085578,0.004127673,0.067848626,0.060836502,0.0036249001
13382,御蔵島村,municipality,09,55～59歳,I03,100～150万円未満,263,16,0.94526108,0.0035941486,0.059078817,0.060836502,0.0033503133
13382,御蔵島村,municipality,09,55～59歳,I04,150～200万円未満,263,16,0.55362122,0.0021050237,0.034601326,0.060836502,0.0019766835
13382,御蔵島村,municipality,09,55～59歳,I05,200～250万円未満,263,16,1.0132427,0.003852634,0.063327672,0.060836502,0.0037106958
13382,御蔵島村,municipality,09,55～59歳,I06,250～300万円未満,263,16,0.84940165,0.0032296641,0.053087603,0.060836502,0.0031381278
13382,御蔵島村,municipality,09,55～59歳,I07,300～400万円未満,263,16,1.4441757,0.0054911623,0.09026098,0.060836502,0.0053975785
13382,御蔵島村,municipality,09,55～59歳,I08,400～500万円未満,263,16,1.2090264,0.0045970586,0.075564151,0.060836502,0.0045866689
13382,御蔵島村,municipality,09,55～59歳,I09,500～600万円未満,263,16,1.0094945,0.0038383821,0.063093405,0.060836502,0.003923788
13382,御蔵島村,municipality,09,55～59歳,I10,600～700万円未満,263,16,0.9109524,0.0034636974,0.056934525,0.060836502,0.0035814421
13382,御蔵島村,municipality,09,55～59歳,I11,700～800万円未満,263,16,0.97490072,0.0037068468,0.060931295,0.060836502,0.0039015397
13382,御蔵島村,municipality,09,55～59歳,I12,800～900万円未満,263,16,0.89856859,0.0034166106,0.056160537,0.060836502,0.0036873148
13382,御蔵島村,municipality,09,55～59歳,I13,900～1000万円未満,263,16,0.76254764,0.0028994207,0.047659227,0.060836502,0.0031502072
13382,御蔵島村,municipality,09,55～59歳,I14,1000～1250万円未満,263,16,1.3149561,0.004999833,0.082184756,0.060836502,0.0055279983
13382,御蔵島村,municipality,09,55～59歳,I15,1250～1500万円未満,263,16,0.40353194,0.001534342,0.025220746,0.060836502,0.001748841
13382,御蔵島村,municipality,09,55～59歳,I16,1500万円以上,263,16,0.58551845,0.0022263059,0.036594903,0.060836502,0.0026545723
13382,御蔵島村,municipality,10,60～64歳,I01,50万円未満（就業収入なしを含む）,263,15,4.3362266,0.016487553,0.28908177,0.057034221,0.016081942
13382,御蔵島村,municipality,10,60～64歳,I02,50～100万円未満,263,15,1.0404228,0.0039559801,0.069361518,0.057034221,0.0035226898
13382,御蔵島村,municipality,10,60～64歳,I03,100～150万円未満,263,15,0.87956605,0.0033443576,0.058637737,0.057034221,0.0030857176
13382,御蔵島村,municipality,10,60～64歳,I04,150～200万円未満,263,15,0.60608304,0.0023044983,0.040405536,0.057034221,0.0021931424
13382,御蔵島村,municipality,10,60～64歳,I05,200～250万円未満,263,15,0.87086904,0.0033112891,0.058057936,0.057034221,0.0032242873
13382,御蔵島村,municipality,10,60～64歳,I06,250～300万円未満,263,15,0.92695278,0.0035245353,0.061796852,0.057034221,0.0034634384
13382,御蔵島村,municipality,10,60～64歳,I07,300～400万円未満,263,15,2.0065903,0.0076296208,0.13377268,0.057034221,0.0076182118
13382,御蔵島村,municipality,10,60～64歳,I08,400～500万円未満,263,15,1.117044,0.0042473158,0.074469603,0.057034221,0.0043495347
13382,御蔵島村,municipality,10,60～64歳,I09,500～600万円未満,263,15,0.90591481,0.003444543,0.060394321,0.057034221,0.0035958362
13382,御蔵島村,municipality,10,60～64歳,I10,600～700万円未満,263,15,0.51947375,0.0019751853,0.034631583,0.057034221,0.0021244713
13382,御蔵島村,municipality,10,60～64歳,I11,700～800万円未満,263,15,0.36276076,0.0013793185,0.024184051,0.057034221,0.0015016686
13382,御蔵島村,municipality,10,60～64歳,I12,800～900万円未満,263,15,0.38880556,0.0014783481,0.025920371,0.057034221,0.001628052
13382,御蔵島村,municipality,10,60～64歳,I13,900～1000万円未満,263,15,0.22092852,0.0008400324,0.014728568,0.057034221,0.00094654293
13382,御蔵島村,municipality,10,60～64歳,I14,1000～1250万円未満,263,15,0.37843739,0.0014389254,0.025229159,0.057034221,0.0016560028
13382,御蔵島村,municipality,10,60～64歳,I15,1250～1500万円未満,263,15,0.14099199,0.00053609122,0.0093994661,0.057034221,0.00063141334
13382,御蔵島村,municipality,10,60～64歳,I16,1500万円以上,263,15,0.29893266,0.0011366261,0.019928844,0.057034221,0.0014112689
13382,御蔵島村,municipality,11,65～69歳,I01,50万円未満（就業収入なしを含む）,263,18,9.3898685,0.035702922,0.52165936,0.068441065,0.035078913
13382,御蔵島村,municipality,11,65～69歳,I02,50～100万円未満,263,18,1.5639968,0.0059467559,0.086888711,0.068441065,0.005485469
13382,御蔵島村,municipality,11,65～69歳,I03,100～150万円未満,263,18,1.5494488,0.0058914402,0.086080487,0.068441065,0.0056627053
13382,御蔵島村,municipality,11,65～69歳,I04,150～200万円未満,263,18,1.0357926,0.0039383749,0.057544033,0.068441065,0.0038720939
13382,御蔵島村,municipality,11,65～69歳,I05,200～250万円未満,263,18,1.227102,0.0046657871,0.068172334,0.068441065,0.0047169426
13382,御蔵島村,municipality,11,65～69歳,I06,250～300万円未満,263,18,0.67587326,0.0025698603,0.037548514,0.068441065,0.0026485816
13382,御蔵島村,municipality,11,65～69歳,I07,300～400万円未満,263,18,0.93012856,0.0035366105,0.051673809,0.068441065,0.0037315556
13382,御蔵島村,municipality,11,65～69歳,I08,400～500万円未満,263,18,0.5131962,0.0019513163,0.0285109,0.068441065,0.002133567
13382,御蔵島村,municipality,11,65～69歳,I09,500～600万円未満,263,18,0.2388684,0.00090824488,0.013270467,0.068441065,0.0010093501
13382,御蔵島村,municipality,11,65～69歳,I10,600～700万円未満,263,18,0.18423742,0.00070052251,0.010235412,0.068441065,0.00080860239
13382,御蔵島村,municipality,11,65～69歳,I11,700～800万円未満,263,18,0.09885099,0.00037585928,0.0054917216,0.068441065,0.00044037149
13382,御蔵島村,municipality,11,65～69歳,I12,800～900万円未満,263,18,0.092324971,0.00035104552,0.0051291651,0.068441065,0.00041981893
13382,御蔵島村,municipality,11,65～69歳,I13,900～1000万円未満,263,18,0.079840332,0.00030357541,0.004435574,0.068441065,0.00036356222
13382,御蔵島村,municipality,11,65～69歳,I14,1000～1250万円未満,263,18,0.13259958,0.00050418091,0.0073666433,0.068441065,0.0006341937
13382,御蔵島村,municipality,11,65～69歳,I15,1250～1500万円未満,263,18,0.11240076,0.00042737931,0.0062444866,0.068441065,0.00053395365
13382,御蔵島村,municipality,11,65～69歳,I16,1500万円以上,263,18,0.1754709,0.00066718975,0.0097483835,0.068441065,0.0009013842
13382,御蔵島村,municipality,12,70～74歳,I01,50万円未満（就業収入なしを含む）,263,23,15.10961,0.05745099,0.65693958,0.087452471,0.056520652
13382,御蔵島村,municipality,12,70～74歳,I02,50～100万円未満,263,23,2.3815818,0.0090554441,0.10354703,0.087452471,0.008536879
13382,御蔵島村,municipality,12,70～74歳,I03,100～150万円未満,263,23,1.5185624,0.0057740016,0.066024453,0.087452471,0.0057387701
13382,御蔵島村,municipality,12,70～74歳,I04,150～200万円未満,263,23,0.94675,0.0035998099,0.041163044,0.087452471,0.0036845699
13382,御蔵島村,municipality,12,70～74歳,I05,200～250万円未満,263,23,1.0874375,0.0041347433,0.047279891,0.087452471,0.0043195483
13382,御蔵島村,municipality,12,70～74歳,I06,250～300万円未満,263,23,0.50382507,0.0019156847,0.021905438,0.087452471,0.0020586129
13382,御蔵島村,municipality,12,70～74歳,I07,300～400万円未満,263,23,0.41738262,0.0015870062,0.01814707,0.087452471,0.0017653578
13382,御蔵島村,municipality,12,70～74歳,I08,400～500万円未満,263,23,0.38368222,0.0014588678,0.016681836,0.087452471,0.0016724588
13382,御蔵島村,municipality,12,70～74歳,I09,500～600万円未満,263,23,0.194102,0.00073803043,0.0084392176,0.087452471,0.00087806786
13382,御蔵島村,municipality,12,70～74歳,I10,600～700万円未満,263,23,0.11585004,0.00044049446,0.0050369584,0.087452471,0.00051602915
13382,御蔵島村,municipality,12,70～74歳,I11,700～800万円未満,263,23,0.028526201,0.00010846464,0.0012402696,0.087452471,0.00013229869
13382,御蔵島村,municipality,12,70～74歳,I12,800～900万円未満,263,23,0.043896592,0.00016690719,0.0019085475,0.087452471,0.00021308799
13382,御蔵島村,municipality,12,70～74歳,I13,900～1000万円未満,263,23,0.0086403993,3.2853229e-05,0.00037566954,0.087452471,4.4095356e-05
13382,御蔵島村,municipality,12,70～74歳,I14,1000～1250万円未満,263,23,0.082166379,0.00031241969,0.0035724513,0.087452471,0.0004250038
13382,御蔵島村,municipality,12,70～74歳,I15,1250～1500万円未満,263,23,0.061915048,0.00023541843,0.0026919586,0.087452471,0.00032377556
13382,御蔵島村,municipality,12,70～74歳,I16,1500万円以上,263,23,0.11607132,0.00044133582,0.0050465791,0.087452471,0.00062326486
13382,御蔵島村,municipality,13,75歳以上,I01,50万円未満（就業収入なしを含む）,263,17,15.528137,0.059042345,0.9134198,0.064638783,0.058766017
13382,御蔵島村,municipality,13,75歳以上,I02,50～100万円未満,263,17,0.29760499,0.0011315779,0.017506176,0.064638783,0.0010360154
13382,御蔵島村,municipality,13,75歳以上,I03,100～150万円未満,263,17,0.22565044,0.00085798645,0.013273555,0.064638783,0.0008340121
13382,御蔵島村,municipality,13,75歳以上,I04,150～200万円未満,263,17,0.21595142,0.00082110805,0.012703024,0.064638783,0.00082881484
13382,御蔵島村,municipality,13,75歳以上,I05,200～250万円未満,263,17,0.16430271,0.00062472513,0.0096648652,0.064638783,0.000650121
13382,御蔵島村,municipality,13,75歳以上,I06,250～300万円未満,263,17,0.09044358,0.00034389194,0.0053202106,0.064638783,0.00036664485
13382,御蔵島村,municipality,13,75歳以上,I07,300～400万円未満,263,17,0.17058602,0.00064861603,0.010034471,0.064638783,0.00071306834
13382,御蔵島村,municipality,13,75歳以上,I08,400～500万円未満,263,17,0.069374179,0.00026378015,0.0040808341,0.064638783,0.00030105818
13382,御蔵島村,municipality,13,75歳以上,I09,500～600万円未満,263,17,0.074028886,0.00028147866,0.0043546404,0.064638783,0.00033072993
13382,御蔵島村,municipality,13,75歳以上,I10,600～700万円未満,263,17,0.032827744,0.00012482032,0.0019310438,0.064638783,0.00014987183
13382,御蔵島村,municipality,13,75歳以上,I11,700～800万円未満,263,17,0.014656618,5.5728587e-05,0.00086215402,0.064638783,6.8314651e-05
13382,御蔵島村,municipality,13,75歳以上,I12,800～900万円未満,263,17,0.009734265,3.7012414e-05,0.00057260382,0.064638783,4.6951302e-05
13382,御蔵島村,municipality,13,75歳以上,I13,900～1000万円未満,263,17,0.017728009,6.7406877e-05,0.001042824,0.064638783,8.630484e-05
13382,御蔵島村,municipality,13,75歳以上,I14,1000～1250万円未満,263,17,0.028228288,0.00010733189,0.0016604875,0.064638783,0.00014097442
13382,御蔵島村,municipality,13,75歳以上,I15,1250～1500万円未満,263,17,0.011780089,4.4791212e-05,0.0006929464,0.064638783,5.8591673e-05
13382,御蔵島村,municipality,13,75歳以上,I16,1500万円以上,263,17,0.048966164,0.00018618313,0.0028803626,0.064638783,0.00026129275
14100,横浜市,municipality,01,15～19歳,I01,50万円未満（就業収入なしを含む）,3335620,168310,150681.5,0.045173461,0.89526172,0.050458386,0.045284007
14100,横浜市,municipality,01,15～19歳,I02,50～100万円未満,3335620,168310,13955.954,0.0041839159,0.082918148,0.050458386,0.0041265941
14100,横浜市,municipality,01,15～19歳,I03,100～150万円未満,3335620,168310,585.14606,0.00017542348,0.0034765971,0.050458386,0.00016979676
14100,横浜市,municipality,01,15～19歳,I04,150～200万円未満,3335620,168310,610.99757,0.00018317361,0.0036301917,0.050458386,0.00017565362
14100,横浜市,municipality,01,15～19歳,I05,200～250万円未満,3335620,168310,1522.5056,0.00045643857,0.0090458418,0.050458386,0.00043375545
14100,横浜市,municipality,01,15～19歳,I06,250～300万円未満,3335620,168310,366.12546,0.00010976234,0.0021753043,0.050458386,0.00010357553
14100,横浜市,municipality,01,15～19歳,I07,300～400万円未満,3335620,168310,550.20541,0.00016494847,0.0032690001,0.050458386,0.00015457592
14100,横浜市,municipality,01,15～19歳,I08,400～500万円未満,3335620,168310,0,0,0,0.050458386,0
14100,横浜市,municipality,01,15～19歳,I09,500～600万円未満,3335620,168310,0,0,0,0.050458386,0
14100,横浜市,municipality,01,15～19歳,I10,600～700万円未満,3335620,168310,37.566646,1.1262268e-05,0.00022319913,0.050458386,1.0426888e-05
14100,横浜市,municipality,01,15～19歳,I11,700～800万円未満,3335620,168310,0,0,0,0.050458386,0
14100,横浜市,municipality,01,15～19歳,I12,800～900万円未満,3335620,168310,0,0,0,0.050458386,0
14100,横浜市,municipality,01,15～19歳,I13,900～1000万円未満,3335620,168310,0,0,0,0.050458386,0
14100,横浜市,municipality,01,15～19歳,I14,1000～1250万円未満,3335620,168310,0,0,0,0.050458386,0
14100,横浜市,municipality,01,15～19歳,I15,1250～1500万円未満,3335620,168310,0,0,0,0.050458386,0
14100,横浜市,municipality,01,15～19歳,I16,1500万円以上,3335620,168310,0,0,0,0.050458386,0
14100,横浜市,municipality,02,20～24歳,I01,50万円未満（就業収入なしを含む）,3335620,210871,77883.73,0.023349101,0.36934301,0.063217932,0.023604689
14100,横浜市,municipality,02,20～24歳,I02,50～100万円未満,3335620,210871,28525.067,0.0085516536,0.13527259,0.063217932,0.0087851004
14100,横浜市,municipality,02,20～24歳,I03,100～150万円未満,3335620,210871,9426.6041,0.0028260426,0.044703179,0.063217932,0.0028487296
14100,横浜市,municipality,02,20～24歳,I04,150～200万円未満,3335620,210871,7145.0202,0.0021420366,0.033883371,0.063217932,0.0021348705
14100,横浜市,municipality,02,20～24歳,I05,200～250万円未満,3335620,210871,26306.54,0.0078865518,0.12475181,0.063217932,0.0078001149
14100,横浜市,municipality,02,20～24歳,I06,250～300万円未満,3335620,210871,23123.201,0.0069322049,0.10965567,0.063217932,0.0068170037
14100,横浜市,municipality,02,20～24歳,I07,300～400万円未満,3335620,210871,27151.79,0.008139953,0.12876019,0.063217932,0.0079486633
14100,横浜市,municipality,02,20～24歳,I08,400～500万円未満,3335620,210871,8566.6894,0.002568245,0.040625261,0.063217932,0.0024885113
14100,横浜市,municipality,02,20～24歳,I09,500～600万円未満,3335620,210871,2294.8271,0.00068797618,0.010882611,0.063217932,0.00066288266
14100,横浜市,municipality,02,20～24歳,I10,600～700万円未満,3335620,210871,169.63275,5.0854938e-05,0.00080443848,0.063217932,4.8737471e-05
14100,横浜市,municipality,02,20～24歳,I11,700～800万円未満,3335620,210871,118.46156,3.5514107e-05,0.00056177267,0.063217932,3.37569e-05
14100,横浜市,municipality,02,20～24歳,I12,800～900万円未満,3335620,210871,0,0,0,0.063217932,0
14100,横浜市,municipality,02,20～24歳,I13,900～1000万円未満,3335620,210871,0,0,0,0.063217932,0
14100,横浜市,municipality,02,20～24歳,I14,1000～1250万円未満,3335620,210871,159.4371,4.7798339e-05,0.0007560883,0.063217932,4.4872922e-05
14100,横浜市,municipality,02,20～24歳,I15,1250～1500万円未満,3335620,210871,0,0,0,0.063217932,0
14100,横浜市,municipality,02,20～24歳,I16,1500万円以上,3335620,210871,0,0,0,0.063217932,0
14100,横浜市,municipality,03,25～29歳,I01,50万円未満（就業収入なしを含む）,3335620,210577,29520.337,0.0088500298,0.14018785,0.063129793,0.0089520075
14100,横浜市,municipality,03,25～29歳,I02,50～100万円未満,3335620,210577,4711.5752,0.0014125036,0.022374595,0.063129793,0.0014796135
14100,横浜市,municipality,03,25～29歳,I03,100～150万円未満,3335620,210577,5162.844,0.0015477914,0.024517606,0.063129793,0.0015953547
14100,横浜市,municipality,03,25～29歳,I04,150～200万円未満,3335620,210577,8268.3979,0.0024788189,0.039265437,0.063129793,0.0025210074
14100,横浜市,municipality,03,25～29歳,I05,200～250万円未満,3335620,210577,21699.686,0.0065054431,0.1030487,0.063129793,0.0065625798
14100,横浜市,municipality,03,25～29歳,I06,250～300万円未満,3335620,210577,21516.766,0.0064506048,0.10218004,0.063129793,0.0064626571
14100,横浜市,municipality,03,25～29歳,I07,300～400万円未満,3335620,210577,49676.083,0.014892609,0.2359046,0.063129793,0.014842781
14100,横浜市,municipality,03,25～29歳,I08,400～500万円未満,3335620,210577,38903.82,0.011663145,0.18474866,0.063129793,0.011551966
14100,横浜市,municipality,03,25～29歳,I09,500～600万円未満,3335620,210577,17561.033,0.0052646984,0.083394831,0.063129793,0.0051867422
14100,横浜市,municipality,03,25～29歳,I10,600～700万円未満,3335620,210577,6918.4704,0.0020741183,0.032854825,0.063129793,0.0020354429
14100,横浜市,municipality,03,25～29歳,I11,700～800万円未満,3335620,210577,3071.0598,0.00092068634,0.014584023,0.063129793,0.00090071439
14100,横浜市,municipality,03,25～29歳,I12,800～900万円未満,3335620,210577,1743.3532,0.00052264743,0.0082789346,0.063129793,0.00050953715
14100,横浜市,municipality,03,25～29歳,I13,900～1000万円未満,3335620,210577,609.94824,0.00018285903,0.0028965568,0.063129793,0.00017772891
14100,横浜市,municipality,03,25～29歳,I14,1000～1250万円未満,3335620,210577,694.52303,0.00020821407,0.0032981904,0.063129793,0.00020144859
14100,横浜市,municipality,03,25～29歳,I15,1250～1500万円未満,3335620,210577,519.10366,0.00015562434,0.0024651489,0.063129793,0.00015021095
14100,横浜市,municipality,03,25～29歳,I16,1500万円以上,3335620,210577,0,0,0,0.063129793,0
14100,横浜市,municipality,04,30～34歳,I01,50万円未満（就業収入なしを含む）,3335620,209151,38459.411,0.011529914,0.18388347,0.062702286,0.011642728
14100,横浜市,municipality,04,30～34歳,I02,50～100万円未満,3335620,209151,6821.8615,0.0020451555,0.03261692,0.062702286,0.0021344341
14100,横浜市,municipality,04,30～34歳,I03,100～150万円未満,3335620,209151,6418.7346,0.0019243003,0.030689476,0.062702286,0.0019767676
14100,横浜市,municipality,04,30～34歳,I04,150～200万円未満,3335620,209151,6824.1235,0.0020458336,0.032627736,0.062702286,0.002079903
14100,横浜市,municipality,04,30～34歳,I05,200～250万円未満,3335620,209151,15057.262,0.0045140819,0.071992302,0.062702286,0.0045476959
14100,横浜市,municipality,04,30～34歳,I06,250～300万円未満,3335620,209151,13973.506,0.0041891781,0.066810612,0.062702286,0.0042044119
14100,横浜市,municipality,04,30～34歳,I07,300～400万円未満,3335620,209151,32624.994,0.0097807887,0.15598775,0.062702286,0.0097646624
14100,横浜市,municipality,04,30～34歳,I08,400～500万円未満,3335620,209151,35567.614,0.01066297,0.17005711,0.062702286,0.010580699
14100,横浜市,municipality,04,30～34歳,I09,500～600万円未満,3335620,209151,24487.042,0.0073410766,0.11707829,0.062702286,0.0072600852
14100,横浜市,municipality,04,30～34歳,I10,600～700万円未満,3335620,209151,16234.608,0.0048670437,0.077621471,0.062702286,0.0047909169
14100,横浜市,municipality,04,30～34歳,I11,700～800万円未満,3335620,209151,6686.4467,0.0020045589,0.03196947,0.062702286,0.00196745
14100,横浜市,municipality,04,30～34歳,I12,800～900万円未満,3335620,209151,2177.8953,0.0006529207,0.010413029,0.062702286,0.00063962996
14100,横浜市,municipality,04,30～34歳,I13,900～1000万円未満,3335620,209151,1826.2338,0.00054749457,0.0087316524,0.062702286,0.00053459221
14100,横浜市,municipality,04,30～34歳,I14,1000～1250万円未満,3335620,209151,1557.3579,0.00046688707,0.0074460933,0.062702286,0.00045327065
14100,横浜市,municipality,04,30～34歳,I15,1250～1500万円未満,3335620,209151,132.46878,3.971339e-05,0.0006333643,0.062702286,3.8391423e-05
14100,横浜市,municipality,04,30～34歳,I16,1500万円以上,3335620,209151,301.43914,9.0369747e-05,0.0014412512,0.062702286,8.6647818e-05
14100,横浜市,municipality,05,35～39歳,I01,50万円未満（就業収入なしを含む）,3335620,234108,47741.38,0.014312596,0.20392887,0.070184254,0.014469664
14100,横浜市,municipality,05,35～39歳,I02,50～100万円未満,3335620,234108,10469.287,0.0031386331,0.044719904,0.070184254,0.0032710138
14100,横浜市,municipality,05,35～39歳,I03,100～150万円未満,3335620,234108,7184.7914,0.0021539598,0.030690072,0.070184254,0.0022041214
14100,横浜市,municipality,05,35～39歳,I04,150～200万円未満,3335620,234108,7658.7185,0.0022960405,0.032714467,0.070184254,0.0023243974
14100,横浜市,municipality,05,35～39歳,I05,200～250万円未満,3335620,234108,14087.779,0.0042234363,0.060176408,0.070184254,0.0042447248
14100,横浜市,municipality,05,35～39歳,I06,250～300万円未満,3335620,234108,11031.953,0.0033073172,0.047123351,0.070184254,0.0033162219
14100,横浜市,municipality,05,35～39歳,I07,300～400万円未満,3335620,234108,26600.112,0.0079745632,0.11362325,0.070184254,0.0079581164
14100,横浜市,municipality,05,35～39歳,I08,400～500万円未満,3335620,234108,29882.351,0.0089585597,0.12764344,0.070184254,0.0089152382
14100,横浜市,municipality,05,35～39歳,I09,500～600万円未満,3335620,234108,25672.673,0.007696522,0.10966166,0.070184254,0.0076305278
14100,横浜市,municipality,05,35～39歳,I10,600～700万円未満,3335620,234108,19928.602,0.0059744822,0.085125679,0.070184254,0.0058967147
14100,横浜市,municipality,05,35～39歳,I11,700～800万円未満,3335620,234108,14334.688,0.0042974583,0.06123109,0.070184254,0.004231828
14100,横浜市,municipality,05,35～39歳,I12,800～900万円未満,3335620,234108,7045.0464,0.002112065,0.030093147,0.070184254,0.0020750881
14100,横浜市,municipality,05,35～39歳,I13,900～1000万円未満,3335620,234108,4495.7434,0.0013477984,0.019203715,0.070184254,0.0013200565
14100,横浜市,municipality,05,35～39歳,I14,1000～1250万円未満,3335620,234108,6006.9765,0.0018008576,0.025658997,0.070184254,0.0017566056
14100,横浜市,municipality,05,35～39歳,I15,1250～1500万円未満,3335620,234108,403.31763,0.00012091234,0.0017227845,0.070184254,0.00011749237
14100,横浜市,municipality,05,35～39歳,I16,1500万円以上,3335620,234108,1564.5804,0.00046905235,0.0066831565,0.070184254,0.00045244264
14100,横浜市,municipality,06,40～44歳,I01,50万円未満（就業収入なしを含む）,3335620,265998,50424.616,0.015117015,0.18956765,0.079744695,0.015243838
14100,横浜市,municipality,06,40～44歳,I02,50～100万円未満,3335620,265998,19226.64,0.0057640378,0.072281144,0.079744695,0.0059654716
14100,横浜市,municipality,06,40～44歳,I03,100～150万円未満,3335620,265998,12832.115,0.0038469955,0.048241397,0.079744695,0.0039124351
14100,横浜市,municipality,06,40～44歳,I04,150～200万円未満,3335620,265998,8110.3823,0.0024314467,0.030490388,0.079744695,0.0024640891
14100,横浜市,municipality,06,40～44歳,I05,200～250万円未満,3335620,265998,13478.258,0.0040407055,0.050670524,0.079744695,0.00405702
14100,横浜市,municipality,06,40～44歳,I06,250～300万円未満,3335620,265998,10252.941,0.0030737738,0.038545183,0.079744695,0.0030729209
14100,横浜市,municipality,06,40～44歳,I07,300～400万円未満,3335620,265998,28466.106,0.0085339774,0.10701624,0.079744695,0.0085308215
14100,横浜市,municipality,06,40～44歳,I08,400～500万円未満,3335620,265998,25758.938,0.0077223839,0.096838842,0.079744695,0.00768621
14100,横浜市,municipality,06,40～44歳,I09,500～600万円未満,3335620,265998,21546.269,0.0064594495,0.08100162,0.079744695,0.0064109193
14100,横浜市,municipality,06,40～44歳,I10,600～700万円未満,3335620,265998,22476.17,0.0067382286,0.084497515,0.079744695,0.0066756288
14100,横浜市,municipality,06,40～44歳,I11,700～800万円未満,3335620,265998,19350.965,0.0058013097,0.072748534,0.079744695,0.0057287223
14100,横浜市,municipality,06,40～44歳,I12,800～900万円未満,3335620,265998,11001.875,0.0032982997,0.041360741,0.079744695,0.0032448941
14100,横浜市,municipality,06,40～44歳,I13,900～1000万円未満,3335620,265998,6988.6064,0.0020951447,0.026273154,0.079744695,0.0020517545
14100,横浜市,municipality,06,40～44歳,I14,1000～1250万円未満,3335620,265998,10363.846,0.0031070225,0.038962122,0.079744695,0.0030376758
14100,横浜市,municipality,06,40～44歳,I15,1250～1500万円未満,3335620,265998,3152.426,0.00094507948,0.011851315,0.079744695,0.0009181217
14100,横浜市,municipality,06,40～44歳,I16,1500万円以上,3335620,265998,2567.8464,0.00076982582,0.0096536305,0.079744695,0.0007441725
14100,横浜市,municipality,07,45～49歳,I01,50万円未満（就業収入なしを含む）,3335620,323267,59442.439,0.017820507,0.18388032,0.096913617,0.017988908
14100,横浜市,municipality,07,45～49歳,I02,50～100万円未満,3335620,323267,21731.853,0.0065150867,0.06722571,0.096913617,0.0067550038
14100,横浜市,municipality,07,45～49歳,I03,100～150万円未満,3335620,323267,20823.719,0.0062428332,0.064416471,0.096913617,0.0063750639
14100,横浜市,municipality,07,45～49歳,I04,150～200万円未満,3335620,323267,11111.834,0.0033312648,0.034373547,0.096913617,0.0033822173
14100,横浜市,municipality,07,45～49歳,I05,200～250万円未満,3335620,323267,15290.656,0.0045840523,0.047300394,0.096913617,0.0046129637
14100,横浜市,municipality,07,45～49歳,I06,250～300万円未満,3335620,323267,10570.676,0.0031690288,0.03269952,0.096913617,0.0031743499
14100,横浜市,municipality,07,45～49歳,I07,300～400万円未満,3335620,323267,29581.152,0.008868262,0.091506872,0.096913617,0.008858841
14100,横浜市,municipality,07,45～49歳,I08,400～500万円未満,3335620,323267,33645.46,0.010086718,0.10407947,0.096913617,0.010046809
14100,横浜市,municipality,07,45～49歳,I09,500～600万円未満,3335620,323267,26496.744,0.0079435738,0.081965507,0.096913617,0.0078747923
14100,横浜市,municipality,07,45～49歳,I10,600～700万円未満,3335620,323267,20598.948,0.006175448,0.063721159,0.096913617,0.0061015273
14100,横浜市,municipality,07,45～49歳,I11,700～800万円未満,3335620,323267,22037.624,0.0066067549,0.068171585,0.096913617,0.0065171174
14100,横浜市,municipality,07,45～49歳,I12,800～900万円未満,3335620,323267,15738.058,0.0047181809,0.048684395,0.096913617,0.0046367135
14100,横浜市,municipality,07,45～49歳,I13,900～1000万円未満,3335620,323267,10492.563,0.0031456109,0.032457884,0.096913617,0.0030875424
14100,横浜市,municipality,07,45～49歳,I14,1000～1250万円未満,3335620,323267,18512.114,0.0055498271,0.05726571,0.096913617,0.0054165199
14100,横浜市,municipality,07,45～49歳,I15,1250～1500万円未満,3335620,323267,3383.6176,0.0010143894,0.010466944,0.096913617,0.00098356974
14100,横浜市,municipality,07,45～49歳,I16,1500万円以上,3335620,323267,3809.5425,0.0011420793,0.011784508,0.096913617,0.001101679
14100,横浜市,municipality,08,50～54歳,I01,50万円未満（就業収入なしを含む）,3335620,305415,59072.46,0.017709589,0.19341702,0.091561689,0.017898537
14100,横浜市,municipality,08,50～54歳,I02,50～100万円未満,3335620,305415,22684.144,0.0068005779,0.074273182,0.091561689,0.0070262568
14100,横浜市,municipality,08,50～54歳,I03,100～150万円未満,3335620,305415,16883.128,0.0050614663,0.055279303,0.091561689,0.0051489087
14100,横浜市,municipality,08,50～54歳,I04,150～200万円未満,3335620,305415,8187.1248,0.0024544537,0.026806558,0.091561689,0.0024751099
14100,横浜市,municipality,08,50～54歳,I05,200～250万円未満,3335620,305415,16054.037,0.0048129096,0.052564666,0.091561689,0.0048397518
14100,横浜市,municipality,08,50～54歳,I06,250～300万円未満,3335620,305415,12633.668,0.0037875021,0.041365577,0.091561689,0.0037967136
14100,横浜市,municipality,08,50～54歳,I07,300～400万円未満,3335620,305415,26142.108,0.0078372561,0.085595365,0.091561689,0.0078456179
14100,横浜市,municipality,08,50～54歳,I08,400～500万円未満,3335620,305415,23757.402,0.0071223347,0.077787279,0.091561689,0.0070889341
14100,横浜市,municipality,08,50～54歳,I09,500～600万円未満,3335620,305415,23243.337,0.006968221,0.076104112,0.091561689,0.0069260875
14100,横浜市,municipality,08,50～54歳,I10,600～700万円未満,3335620,305415,17439.578,0.0052282868,0.05710125,0.091561689,0.0051726496
14100,横浜市,municipality,08,50～54歳,I11,700～800万円未満,3335620,305415,20837.476,0.0062469574,0.06822676,0.091561689,0.0061620011
14100,横浜市,municipality,08,50～54歳,I12,800～900万円未満,3335620,305415,17356.395,0.0052033489,0.056828888,0.091561689,0.0051228062
14100,横浜市,municipality,08,50～54歳,I13,900～1000万円未満,3335620,305415,10622.693,0.0031846231,0.034781175,0.091561689,0.0031295283
14100,横浜市,municipality,08,50～54歳,I14,1000～1250万円未満,3335620,305415,20775.483,0.0062283723,0.068023781,0.091561689,0.0060992559
14100,横浜市,municipality,08,50～54歳,I15,1250～1500万円未満,3335620,305415,4916.0963,0.0014738178,0.016096447,0.091561689,0.0014326902
14100,横浜市,municipality,08,50～54歳,I16,1500万円以上,3335620,305415,4809.8695,0.0014419717,0.015748635,0.091561689,0.0013968408
14100,横浜市,municipality,09,55～59歳,I01,50万円未満（就業収入なしを含む）,3335620,256225,58452.94,0.017523861,0.22813129,0.076814805,0.017699638
14100,横浜市,municipality,09,55～59歳,I02,50～100万円未満,3335620,256225,18378.492,0.005509768,0.071727943,0.076814805,0.0056846674
14100,横浜市,municipality,09,55～59歳,I03,100～150万円未満,3335620,256225,15016.921,0.004501988,0.058608337,0.076814805,0.0045877619
14100,横浜市,municipality,09,55～59歳,I04,150～200万円未満,3335620,256225,7391.8966,0.0022160488,0.02884924,0.076814805,0.0022340411
14100,横浜市,municipality,09,55～59歳,I05,200～250万円未満,3335620,256225,12118.194,0.003632966,0.047295127,0.076814805,0.0036526688
14100,横浜市,municipality,09,55～59歳,I06,250～300万円未満,3335620,256225,10573.624,0.0031699125,0.041266948,0.076814805,0.0031792801
14100,横浜市,municipality,09,55～59歳,I07,300～400万円未満,3335620,256225,16727.225,0.0050147275,0.065283346,0.076814805,0.0050049209
14100,横浜市,municipality,09,55～59歳,I08,400～500万円未満,3335620,256225,17084.34,0.0051217885,0.066677101,0.076814805,0.0051052308
14100,横浜市,municipality,09,55～59歳,I09,500～600万円未満,3335620,256225,15348.564,0.0046014125,0.059902678,0.076814805,0.0045678036
14100,横浜市,municipality,09,55～59歳,I10,600～700万円未満,3335620,256225,15981.427,0.0047911415,0.062372631,0.076814805,0.0047469636
14100,横浜市,municipality,09,55～59歳,I11,700～800万円未満,3335620,256225,15828.115,0.0047451794,0.061774281,0.076814805,0.0046828621
14100,横浜市,municipality,09,55～59歳,I12,800～900万円未満,3335620,256225,12958.647,0.003884929,0.050575263,0.076814805,0.0038244195
14100,横浜市,municipality,09,55～59歳,I13,900～1000万円未満,3335620,256225,11530.314,0.003456723,0.045000739,0.076814805,0.003402138
14100,横浜市,municipality,09,55～59歳,I14,1000～1250万円未満,3335620,256225,17468.706,0.0052370193,0.068177212,0.076814805,0.0051322478
14100,横浜市,municipality,09,55～59歳,I15,1250～1500万円未満,3335620,256225,4169.018,0.001249848,0.016270926,0.076814805,0.0012202234
14100,横浜市,municipality,09,55～59歳,I16,1500万円以上,3335620,256225,7196.5753,0.0021574926,0.028086937,0.076814805,0.0020899386
14100,横浜市,municipality,10,60～64歳,I01,50万円未満（就業収入なしを含む）,3335620,205020,68440.083,0.02051795,0.3338215,0.061463836,0.020648757
14100,横浜市,municipality,10,60～64歳,I02,50～100万円未満,3335620,205020,14204.621,0.004258465,0.069284075,0.061463836,0.0043733045
14100,横浜市,municipality,10,60～64歳,I03,100～150万円未満,3335620,205020,13891.3,0.0041645332,0.067755829,0.061463836,0.0042207168
14100,横浜市,municipality,10,60～64歳,I04,150～200万円未満,3335620,205020,8599.6758,0.0025781342,0.041945546,0.061463836,0.0025982778
14100,横浜市,municipality,10,60～64歳,I05,200～250万円未満,3335620,205020,15699.003,0.0047064722,0.076573031,0.061463836,0.0047168171
14100,横浜市,municipality,10,60～64歳,I06,250～300万円未満,3335620,205020,9623.8781,0.0028851842,0.046941167,0.061463836,0.0028809555
14100,横浜市,municipality,10,60～64歳,I07,300～400万円未満,3335620,205020,22122.419,0.006632176,0.10790371,0.061463836,0.0066157552
14100,横浜市,municipality,10,60～64歳,I08,400～500万円未満,3335620,205020,17878.694,0.0053599312,0.087204633,0.061463836,0.0053143896
14100,横浜市,municipality,10,60～64歳,I09,500～600万円未満,3335620,205020,7625.3009,0.0022860221,0.037192961,0.061463836,0.0022512915
14100,横浜市,municipality,10,60～64歳,I10,600～700万円未満,3335620,205020,5737.0947,0.0017199485,0.027983098,0.061463836,0.0016861768
14100,横浜市,municipality,10,60～64歳,I11,700～800万円未満,3335620,205020,4805.6806,0.0014407159,0.023440058,0.061463836,0.0014088159
14100,横浜市,municipality,10,60～64歳,I12,800～900万円未満,3335620,205020,2739.1702,0.00082118773,0.013360502,0.061463836,0.00079983815
14100,横浜市,municipality,10,60～64歳,I13,900～1000万円未満,3335620,205020,3320.169,0.00099536789,0.016194367,0.061463836,0.00096701211
14100,横浜市,municipality,10,60～64歳,I14,1000～1250万円未満,3335620,205020,4578.6293,0.0013726472,0.022332598,0.061463836,0.0013265707
14100,横浜市,municipality,10,60～64歳,I15,1250～1500万円未満,3335620,205020,2314.1499,0.00069376904,0.011287435,0.061463836,0.00066700606
14100,横浜市,municipality,10,60～64歳,I16,1500万円以上,3335620,205020,3440.1315,0.0010313319,0.016779492,0.061463836,0.00098815089
14100,横浜市,municipality,11,65～69歳,I01,50万円未満（就業収入なしを含む）,3335620,207488,117269.13,0.035156622,0.56518513,0.062203728,0.035324726
14100,横浜市,municipality,11,65～69歳,I02,50～100万円未満,3335620,207488,17078.449,0.0051200225,0.08231054,0.062203728,0.0052659549
14100,横浜市,municipality,11,65～69歳,I03,100～150万円未満,3335620,207488,13367.718,0.0040075662,0.064426463,0.062203728,0.0040432981
14100,横浜市,municipality,11,65～69歳,I04,150～200万円未満,3335620,207488,7712.3987,0.0023121335,0.037170336,0.062203728,0.0023225738
14100,横浜市,municipality,11,65～69歳,I05,200～250万円未満,3335620,207488,11754.004,0.003523784,0.05664908,0.062203728,0.0034968162
14100,横浜市,municipality,11,65～69歳,I06,250～300万円未満,3335620,207488,5811.4868,0.0017422508,0.028008785,0.062203728,0.0017252663
14100,横浜市,municipality,11,65～69歳,I07,300～400万円未満,3335620,207488,12726.027,0.0038151909,0.061333797,0.062203728,0.0037460626
14100,横浜市,municipality,11,65～69歳,I08,400～500万円未満,3335620,207488,6441.2958,0.001931064,0.031044185,0.062203728,0.0018810991
14100,横浜市,municipality,11,65～69歳,I09,500～600万円未満,3335620,207488,3333.5207,0.00099937064,0.016066089,0.062203728,0.0009678985
14100,横浜市,municipality,11,65～69歳,I10,600～700万円未満,3335620,207488,2943.1882,0.00088235116,0.01418486,0.062203728,0.0008511092
14100,横浜市,municipality,11,65～69歳,I11,700～800万円未満,3335620,207488,1624.9094,0.00048713865,0.0078313417,0.062203728,0.00046893064
14100,横浜市,municipality,11,65～69歳,I12,800～900万円未満,3335620,207488,1467.6097,0.00043998108,0.0070732269,0.062203728,0.00042115756
14100,横浜市,municipality,11,65～69歳,I13,900～1000万円未満,3335620,207488,1221.4618,0.00036618735,0.0058869035,0.062203728,0.00034793268
14100,横浜市,municipality,11,65～69歳,I14,1000～1250万円未満,3335620,207488,1263.8876,0.00037890636,0.0060913771,0.062203728,0.00035965611
14100,横浜市,municipality,11,65～69歳,I15,1250～1500万円未満,3335620,207488,1015.7374,0.00030451232,0.004895403,0.062203728,0.00028815123
14100,横浜市,municipality,11,65～69歳,I16,1500万円以上,3335620,207488,2457.1735,0.00073664671,0.011842485,0.062203728,0.0006930955
14100,横浜市,municipality,12,70～74歳,I01,50万円未満（就業収入なしを含む）,3335620,240856,174170.17,0.05221523,0.72312986,0.072207266,0.052387477
14100,横浜市,municipality,12,70～74歳,I02,50～100万円未満,3335620,240856,14790.479,0.0044341019,0.061407974,0.072207266,0.0045284169
14100,横浜市,municipality,12,70～74歳,I03,100～150万円未満,3335620,240856,12816.548,0.0038423287,0.053212494,0.072207266,0.0038620604
14100,横浜市,municipality,12,70～74歳,I04,150～200万円未満,3335620,240856,8699.5393,0.0026080727,0.036119255,0.072207266,0.0025950843
14100,横浜市,municipality,12,70～74歳,I05,200～250万円未満,3335620,240856,6903.7018,0.0020696907,0.028663192,0.072207266,0.0020439209
14100,横浜市,municipality,12,70～74歳,I06,250～300万円未満,3335620,240856,4114.2349,0.0012334244,0.017081721,0.072207266,0.0012073034
14100,横浜市,municipality,12,70～74歳,I07,300～400万円未満,3335620,240856,7829.3569,0.0023471969,0.032506381,0.072207266,0.0022870548
14100,横浜市,municipality,12,70～74歳,I08,400～500万円未満,3335620,240856,3610.3645,0.0010823669,0.014989722,0.072207266,0.0010468801
14100,横浜市,municipality,12,70～74歳,I09,500～600万円未満,3335620,240856,1995.9679,0.00059837989,0.0082869762,0.072207266,0.00057387542
14100,横浜市,municipality,12,70～74歳,I10,600～700万円未満,3335620,240856,619.86854,0.00018583308,0.0025736064,0.072207266,0.000177545
14100,横浜市,municipality,12,70～74歳,I11,700～800万円未満,3335620,240856,640.36717,0.00019197846,0.0026587138,0.072207266,0.00018303362
14100,横浜市,municipality,12,70～74歳,I12,800～900万円未満,3335620,240856,752.66017,0.00022564326,0.0031249384,0.072207266,0.00021491615
14100,横浜市,municipality,12,70～74歳,I13,900～1000万円未満,3335620,240856,566.97577,0.00016997613,0.0023540031,0.072207266,0.00016039827
14100,横浜市,municipality,12,70～74歳,I14,1000～1250万円未満,3335620,240856,1027.5577,0.00030805597,0.0042662738,0.072207266,0.00028949473
14100,横浜市,municipality,12,70～74歳,I15,1250～1500万円未満,3335620,240856,561.12588,0.00016822236,0.0023297152,0.072207266,0.00015809312
14100,横浜市,municipality,12,70～74歳,I16,1500万円以上,3335620,240856,1757.0861,0.00052676446,0.0072951725,0.072207266,0.0004917118
14100,横浜市,municipality,13,75歳以上,I01,50万円未満（就業収入なしを含む）,3335620,498334,455326.15,0.1365042,0.91369674,0.14939771,0.13667171
14100,横浜市,municipality,13,75歳以上,I02,50～100万円未満,3335620,498334,10556.099,0.0031646588,0.021182779,0.14939771,0.0032253352
14100,横浜市,municipality,13,75歳以上,I03,100～150万円未満,3335620,498334,7620.9673,0.0022847229,0.01529289,0.14939771,0.002290837
14100,横浜市,municipality,13,75歳以上,I04,150～200万円未満,3335620,498334,4953.4742,0.0014850235,0.0099400687,0.14939771,0.0014730279
14100,横浜市,municipality,13,75歳以上,I05,200～250万円未満,3335620,498334,3877.2171,0.0011623677,0.0077803583,0.14939771,0.0011429487
14100,横浜市,municipality,13,75歳以上,I06,250～300万円未満,3335620,498334,3006.1398,0.0009012237,0.0060323795,0.14939771,0.00088087034
14100,横浜市,municipality,13,75歳以上,I07,300～400万円未満,3335620,498334,3145.7489,0.00094307773,0.0063125312,0.14939771,0.00091630632
14100,横浜市,municipality,13,75歳以上,I08,400～500万円未満,3335620,498334,2048.1868,0.00061403481,0.0041100683,0.14939771,0.00059062777
14100,横浜市,municipality,13,75歳以上,I09,500～600万円未満,3335620,498334,1208.2381,0.00036222293,0.0024245547,0.14939771,0.00034729307
14100,横浜市,municipality,13,75歳以上,I10,600～700万円未満,3335620,498334,820.10072,0.00024586155,0.0016456849,0.14939771,0.00023394747
14100,横浜市,municipality,13,75歳以上,I11,700～800万円未満,3335620,498334,455.90236,0.00013667695,0.00091485301,0.14939771,0.0001293842
14100,横浜市,municipality,13,75歳以上,I12,800～900万円未満,3335620,498334,630.05315,0.00018888637,0.001264319,0.14939771,0.00017875374
14100,横浜市,municipality,13,75歳以上,I13,900～1000万円未満,3335620,498334,743.90073,0.00022301723,0.0014927754,0.14939771,0.00021009905
14100,横浜市,municipality,13,75歳以上,I14,1000～1250万円未満,3335620,498334,1792.851,0.00053748659,0.0035976896,0.14939771,0.00050808521
14100,横浜市,municipality,13,75歳以上,I15,1250～1500万円未満,3335620,498334,270.00202,8.0945077e-05,0.00054180934,0.14939771,7.5758642e-05
14100,横浜市,municipality,13,75歳以上,I16,1500万円以上,3335620,498334,1878.9678,0.00056330391,0.0037704989,0.14939771,0.00052272543
47201,那覇市,municipality,01,15～19歳,I01,50万円未満（就業収入なしを含む）,271254,16472,14991.546,0.055267556,0.91012297,0.060725372,0.055391746
47201,那覇市,municipality,01,15～19歳,I02,50～100万円未満,271254,16472,889.11428,0.0032777923,0.053977312,0.060725372,0.0032510516
47201,那覇市,municipality,01,15～19歳,I03,100～150万円未満,271254,16472,304.28427,0.0011217688,0.018472819,0.060725372,0.0010846909
47201,那覇市,municipality,01,15～19歳,I04,150～200万円未満,271254,16472,146.45124,0.00053990444,0.0088909203,0.060725372,0.00051233005
47201,那覇市,municipality,01,15～19歳,I05,200～250万円未満,271254,16472,87.747431,0.00032348806,0.005327066,0.060725372,0.00030547587
47201,那覇市,municipality,01,15～19歳,I06,250～300万円未満,271254,16472,22.556131,8.3155018e-05,0.001369362,0.060725372,7.6856875e-05
47201,那覇市,municipality,01,15～19歳,I07,300～400万円未満,271254,16472,30.301035,0.00011170724,0.001839548,0.060725372,0.00010322039
47201,那覇市,municipality,01,15～19歳,I08,400～500万円未満,271254,16472,0,0,0,0.060725372,0
47201,那覇市,municipality,01,15～19歳,I09,500～600万円未満,271254,16472,0,0,0,0.060725372,0
47201,那覇市,municipality,01,15～19歳,I10,600～700万円未満,271254,16472,0,0,0,0.060725372,0
47201,那覇市,municipality,01,15～19歳,I11,700～800万円未満,271254,16472,0,0,0,0.060725372,0
47201,那覇市,municipality,01,15～19歳,I12,800～900万円未満,271254,16472,0,0,0,0.060725372,0
47201,那覇市,municipality,01,15～19歳,I13,900～1000万円未満,271254,16472,0,0,0,0.060725372,0
47201,那覇市,municipality,01,15～19歳,I14,1000～1250万円未満,271254,16472,0,0,0,0.060725372,0
47201,那覇市,municipality,01,15～19歳,I15,1250～1500万円未満,271254,16472,0,0,0,0.060725372,0
47201,那覇市,municipality,01,15～19歳,I16,1500万円以上,271254,16472,0,0,0,0.060725372,0
47201,那覇市,municipality,02,20～24歳,I01,50万円未満（就業収入なしを含む）,271254,16095,5930.556,0.021863478,0.36847195,0.059335531,0.022195415
47201,那覇市,municipality,02,20～24歳,I02,50～100万円未満,271254,16095,1420.2866,0.0052360026,0.088243967,0.059335531,0.00542838
47201,那覇市,municipality,02,20～24歳,I03,100～150万円未満,271254,16095,1414.8446,0.00521594,0.087905845,0.059335531,0.0052681186
47201,那覇市,municipality,02,20～24歳,I04,150～200万円未満,271254,16095,1981.1858,0.007303803,0.12309324,0.059335531,0.0072540855
47201,那覇市,municipality,02,20～24歳,I05,200～250万円未満,271254,16095,2798.6327,0.010317388,0.17388212,0.059335531,0.01012013
47201,那覇市,municipality,02,20～24歳,I06,250～300万円未満,271254,16095,1452.2554,0.0053538581,0.090230223,0.059335531,0.0052000534
47201,那覇市,municipality,02,20～24歳,I07,300～400万円未満,271254,16095,817.85962,0.0030151062,0.050814515,0.059335531,0.0028947216
47201,那覇市,municipality,02,20～24歳,I08,400～500万円未満,271254,16095,201.41708,0.00074254049,0.012514264,0.059335531,0.00070447971
47201,那覇市,municipality,02,20～24歳,I09,500～600万円未満,271254,16095,77.962218,0.00028741408,0.0048438781,0.059335531,0.00027014705
47201,那覇市,municipality,02,20～24歳,I10,600～700万円未満,271254,16095,0,0,0,0.059335531,0
47201,那覇市,municipality,02,20～24歳,I11,700～800万円未満,271254,16095,0,0,0,0.059335531,0
47201,那覇市,municipality,02,20～24歳,I12,800～900万円未満,271254,16095,0,0,0,0.059335531,0
47201,那覇市,municipality,02,20～24歳,I13,900～1000万円未満,271254,16095,0,0,0,0.059335531,0
47201,那覇市,municipality,02,20～24歳,I14,1000～1250万円未満,271254,16095,0,0,0,0.059335531,0
47201,那覇市,municipality,02,20～24歳,I15,1250～1500万円未満,271254,16095,0,0,0,0.059335531,0
47201,那覇市,municipality,02,20～24歳,I16,1500万円以上,271254,16095,0,0,0,0.059335531,0
47201,那覇市,municipality,03,25～29歳,I01,50万円未満（就業収入なしを含む）,271254,16776,3027.6619,0.011161723,0.18047579,0.061846093,0.011300767
47201,那覇市,municipality,03,25～29歳,I02,50～100万円未満,271254,16776,950.73983,0.0035049799,0.056672617,0.061846093,0.0036973715
47201,那覇市,municipality,03,25～29歳,I03,100～150万円未満,271254,16776,1691.8901,0.0062372908,0.10085182,0.061846093,0.0064010073
47201,那覇市,municipality,03,25～29歳,I04,150～200万円未満,271254,16776,2007.8185,0.0074019867,0.11968398,0.061846093,0.0074746134
47201,那覇市,municipality,03,25～29歳,I05,200～250万円未満,271254,16776,2660.6624,0.0098087489,0.15859933,0.061846093,0.0097863241
47201,那覇市,municipality,03,25～29歳,I06,250～300万円未満,271254,16776,1936.9745,0.0071408144,0.11546104,0.061846093,0.007057663
47201,那覇市,municipality,03,25～29歳,I07,300～400万円未満,271254,16776,3014.9269,0.011114774,0.17971667,0.061846093,0.010866721
47201,那覇市,municipality,03,25～29歳,I08,400～500万円未満,271254,16776,1014.9384,0.0037416533,0.060499429,0.061846093,0.0036144834
47201,那覇市,municipality,03,25～29歳,I09,500～600万円未満,271254,16776,207.77795,0.00076599036,0.012385429,0.061846093,0.00073413999
47201,那覇市,municipality,03,25～29歳,I10,600～700万円未満,271254,16776,72.606153,0.00026766851,0.0043279776,0.061846093,0.00025418709
47201,那覇市,municipality,03,25～29歳,I11,700～800万円未満,271254,16776,70.906078,0.00026140104,0.0042266379,0.061846093,0.00024719731
47201,那覇市,municipality,03,25～29歳,I12,800～900万円未満,271254,16776,95.152973,0.0003507892,0.0056719702,0.061846093,0.00032975888
47201,那覇市,municipality,03,25～29歳,I13,900～1000万円未満,271254,16776,0,0,0,0.061846093,0
47201,那覇市,municipality,03,25～29歳,I14,1000～1250万円未満,271254,16776,23.944414,8.8273036e-05,0.0014273018,0.061846093,8.1858959e-05
47201,那覇市,municipality,03,25～29歳,I15,1250～1500万円未満,271254,16776,0,0,0,0.061846093,0
47201,那覇市,municipality,03,25～29歳,I16,1500万円以上,271254,16776,0,0,0,0.061846093,0
47201,那覇市,municipality,04,30～34歳,I01,50万円未満（就業収入なしを含む）,271254,18429,3533.5684,0.013026788,0.19173956,0.067940012,0.013181549
47201,那覇市,municipality,04,30～34歳,I02,50～100万円未満,271254,18429,1014.4471,0.0037398422,0.05504624,0.067940012,0.0039594149
47201,那覇市,municipality,04,30～34歳,I03,100～150万円未満,271254,18429,1700.5004,0.0062690333,0.092273068,0.067940012,0.0064638799
47201,那覇市,municipality,04,30～34歳,I04,150～200万円未満,271254,18429,1444.0645,0.0053236616,0.078358267,0.067940012,0.0053854647
47201,那覇市,municipality,04,30～34歳,I05,200～250万円未満,271254,18429,2440.8759,0.0089984881,0.13244755,0.067940012,0.0090095854
47201,那覇市,municipality,04,30～34歳,I06,250～300万円未満,271254,18429,2105.5885,0.0077624238,0.11425408,0.067940012,0.007718719
47201,那覇市,municipality,04,30～34歳,I07,300～400万円未満,271254,18429,2615.5399,0.0096424013,0.14192522,0.067940012,0.0094702672
47201,那覇市,municipality,04,30～34歳,I08,400～500万円未満,271254,18429,2235.4707,0.0082412452,0.12130179,0.067940012,0.0080181601
47201,那覇市,municipality,04,30～34歳,I09,500～600万円未満,271254,18429,905.2214,0.0033371725,0.049119399,0.067940012,0.0032179889
47201,那覇市,municipality,04,30～34歳,I10,600～700万円未満,271254,18429,270.22001,0.00099618811,0.01466276,0.067940012,0.00095428021
47201,那覇市,municipality,04,30～34歳,I11,700～800万円未満,271254,18429,0,0,0,0.067940012,0
47201,那覇市,municipality,04,30～34歳,I12,800～900万円未満,271254,18429,67.996165,0.00025067341,0.0036896286,0.067940012,0.0002364773
47201,那覇市,municipality,04,30～34歳,I13,900～1000万円未満,271254,18429,45.854033,0.00016904463,0.0024881455,0.067940012,0.00015637165
47201,那覇市,municipality,04,30～34歳,I14,1000～1250万円未満,271254,18429,23.748705,8.7551538e-05,0.0012886594,0.067940012,8.0544139e-05
47201,那覇市,municipality,04,30～34歳,I15,1250～1500万円未満,271254,18429,0,0,0,0.067940012,0
47201,那覇市,municipality,04,30～34歳,I16,1500万円以上,271254,18429,25.904172,9.5497843e-05,0.00140562,0.067940012,8.7309955e-05
47201,那覇市,municipality,05,35～39歳,I01,50万円未満（就業収入なしを含む）,271254,20056,4018.0585,0.0148129,0.20034197,0.07393808,0.015049259
47201,那覇市,municipality,05,35～39歳,I02,50～100万円未満,271254,20056,1009.0616,0.003719988,0.050312208,0.07393808,0.0039277504
47201,那覇市,municipality,05,35～39歳,I03,100～150万円未満,271254,20056,1489.9493,0.0054928195,0.074289452,0.07393808,0.005632931
47201,那覇市,municipality,05,35～39歳,I04,150～200万円未満,271254,20056,1696.4164,0.0062539773,0.084583983,0.07393808,0.0063413655
47201,那覇市,municipality,05,35～39歳,I05,200～250万円未満,271254,20056,2465.9349,0.0090908703,0.12295248,0.07393808,0.0091113182
47201,那覇市,municipality,05,35～39歳,I06,250～300万円未満,271254,20056,1662.7204,0.0061297543,0.082903888,0.07393808,0.0061179334
47201,那覇市,municipality,05,35～39歳,I07,300～400万円未満,271254,20056,3228.72,0.01190294,0.16098524,0.07393808,0.011744557
47201,那覇市,municipality,05,35～39歳,I08,400～500万円未満,271254,20056,2308.3752,0.0085100136,0.11509649,0.07393808,0.008299403
47201,那覇市,municipality,05,35～39歳,I09,500～600万円未満,271254,20056,1217.7356,0.0044892818,0.060716775,0.07393808,0.0043361617
47201,那覇市,municipality,05,35～39歳,I10,600～700万円未満,271254,20056,471.52669,0.0017383216,0.023510505,0.07393808,0.0016765846
47201,那覇市,municipality,05,35～39歳,I11,700～800万円未満,271254,20056,127.39417,0.000469649,0.0063519231,0.07393808,0.00044956454
47201,那覇市,municipality,05,35～39歳,I12,800～900万円未満,271254,20056,90.521846,0.00033371617,0.0045134546,0.07393808,0.0003180297
47201,那覇市,municipality,05,35～39歳,I13,900～1000万円未満,271254,20056,110.16554,0.00040613424,0.0054928967,0.07393808,0.00038447126
47201,那覇市,municipality,05,35～39歳,I14,1000～1250万円未満,271254,20056,111.07148,0.00040947406,0.0055380673,0.07393808,0.00038439556
47201,那覇市,municipality,05,35～39歳,I15,1250～1500万円未満,271254,20056,0,0,0,0.07393808,0
47201,那覇市,municipality,05,35～39歳,I16,1500万円以上,271254,20056,48.348375,0.00017824023,0.0024106689,0.07393808,0.00016435493
47201,那覇市,municipality,06,40～44歳,I01,50万円未満（就業収入なしを含む）,271254,21917,4388.9661,0.016180281,0.20025396,0.080798808,0.016485975
47201,那覇市,municipality,06,40～44歳,I02,50～100万円未満,271254,21917,1092.0047,0.0040257645,0.049824553,0.080798808,0.0042549862
47201,那覇市,municipality,06,40～44歳,I03,100～150万円未満,271254,21917,1732.931,0.0063885914,0.079067892,0.080798808,0.006580394
47201,那覇市,municipality,06,40～44歳,I04,150～200万円未満,271254,21917,1684.6787,0.0062107056,0.076866301,0.080798808,0.006305591
47201,那覇市,municipality,06,40～44歳,I05,200～250万円未満,271254,21917,2509.5987,0.0092518405,0.11450467,0.080798808,0.0092959934
47201,那覇市,municipality,06,40～44歳,I06,250～300万円未満,271254,21917,1948.4445,0.0071830995,0.088901057,0.080798808,0.0071617096
47201,那覇市,municipality,06,40～44歳,I07,300～400万円未満,271254,21917,2771.4337,0.010217116,0.12645132,0.080798808,0.010099745
47201,那覇市,municipality,06,40～44歳,I08,400～500万円未満,271254,21917,2059.2611,0.0075916342,0.093957254,0.080798808,0.0074227323
47201,那覇市,municipality,06,40～44歳,I09,500～600万円未満,271254,21917,1456.6814,0.005370175,0.066463542,0.080798808,0.0051981121
47201,那覇市,municipality,06,40～44歳,I10,600～700万円未満,271254,21917,1145.9691,0.0042247087,0.05228677,0.080798808,0.0040563226
47201,那覇市,municipality,06,40～44歳,I11,700～800万円未満,271254,21917,405.72928,0.0014957541,0.018512081,0.080798808,0.0014333303
47201,那覇市,municipality,06,40～44歳,I12,800～900万円未満,271254,21917,317.73334,0.0011713499,0.014497118,0.080798808,0.0011183415
47201,那覇市,municipality,06,40～44歳,I13,900～1000万円未満,271254,21917,26.328667,9.7062781e-05,0.0012012898,0.080798808,9.2309534e-05
47201,那覇市,municipality,06,40～44歳,I14,1000～1250万円未満,271254,21917,127.2823,0.00046923656,0.0058074689,0.080798808,0.00044004316
47201,那覇市,municipality,06,40～44歳,I15,1250～1500万円未満,271254,21917,0,0,0,0.080798808,0
47201,那覇市,municipality,06,40～44歳,I16,1500万円以上,271254,21917,249.95729,0.00092148795,0.011404722,0.080798808,0.00085322336
47201,那覇市,municipality,07,45～49歳,I01,50万円未満（就業収入なしを含む）,271254,25073,5129.044,0.018908639,0.20456443,0.09243366,0.019262033
47201,那覇市,municipality,07,45～49歳,I02,50～100万円未満,271254,25073,1695.6739,0.0062512402,0.067629478,0.09243366,0.0065544483
47201,那覇市,municipality,07,45～49歳,I03,100～150万円未満,271254,25073,1931.5225,0.0071207151,0.077035953,0.09243366,0.0072810963
47201,那覇市,municipality,07,45～49歳,I04,150～200万円未満,271254,25073,2166.3334,0.0079863648,0.086401045,0.09243366,0.0080709814
47201,那覇市,municipality,07,45～49歳,I05,200～250万円未満,271254,25073,2705.4408,0.0099738282,0.10790256,0.09243366,0.009996313
47201,那覇市,municipality,07,45～49歳,I06,250～300万円未満,271254,25073,2023.9617,0.0074614998,0.080722756,0.09243366,0.0074397359
47201,那覇市,municipality,07,45～49歳,I07,300～400万円未満,271254,25073,3677.0391,0.013555705,0.14665334,0.09243366,0.013361823
47201,那覇市,municipality,07,45～49歳,I08,400～500万円未満,271254,25073,1630.5647,0.0060112099,0.065032693,0.09243366,0.0058764629
47201,那覇市,municipality,07,45～49歳,I09,500～600万円未満,271254,25073,1492.0951,0.0055007304,0.059510036,0.09243366,0.0053436545
47201,那覇市,municipality,07,45～49歳,I10,600～700万円未満,271254,25073,1080.0461,0.003981678,0.043076061,0.09243366,0.0038387063
47201,那覇市,municipality,07,45～49歳,I11,700～800万円未満,271254,25073,739.52894,0.0027263338,0.029495032,0.09243366,0.0026135936
47201,那覇市,municipality,07,45～49歳,I12,800～900万円未満,271254,25073,273.22944,0.0010072826,0.010897357,0.09243366,0.00096014412
47201,那覇市,municipality,07,45～49歳,I13,900～1000万円未満,271254,25073,206.3666,0.00076078731,0.0082306306,0.09243366,0.00072404877
47201,那覇市,municipality,07,45～49歳,I14,1000～1250万円未満,271254,25073,151.66463,0.00055912405,0.0060489225,0.09243366,0.00052501225
47201,那覇市,municipality,07,45～49歳,I15,1250～1500万円未満,271254,25073,29.620396,0.00010919801,0.0011813662,0.09243366,0.00010292516
47201,那覇市,municipality,07,45～49歳,I16,1500万円以上,271254,25073,140.86875,0.00051932415,0.0056183445,0.09243366,0.00048268106
47201,那覇市,municipality,08,50～54歳,I01,50万円未満（就業収入なしを含む）,271254,22475,5206.5512,0.019194376,0.23165968,0.082855921,0.019516763
47201,那覇市,municipality,08,50～54歳,I02,50～100万円未満,271254,22475,1528.5648,0.0056351787,0.068011781,0.082855921,0.0059320773
47201,那覇市,municipality,08,50～54歳,I03,100～150万円未満,271254,22475,1716.5101,0.0063280547,0.0763742,0.082855921,0.006497466
47201,那覇市,municipality,08,50～54歳,I04,150～200万円未満,271254,22475,1557.1137,0.0057404269,0.069282036,0.082855921,0.0058171484
47201,那覇市,municipality,08,50～54歳,I05,200～250万円未満,271254,22475,2130.7575,0.0078552115,0.094805675,0.082855921,0.0078848124
47201,那覇市,municipality,08,50～54歳,I06,250～300万円未満,271254,22475,1659.9397,0.0061195029,0.073857159,0.082855921,0.0061188461
47201,那覇市,municipality,08,50～54歳,I07,300～400万円未満,271254,22475,2367.6142,0.0087284031,0.10534435,0.082855921,0.0086330081
47201,那覇市,municipality,08,50～54歳,I08,400～500万円未満,271254,22475,1477.5013,0.0054469292,0.06573977,0.082855921,0.0053350009
47201,那覇市,municipality,08,50～54歳,I09,500～600万円未満,271254,22475,1507.6073,0.0055579175,0.067079304,0.082855921,0.0053885638
47201,那覇市,municipality,08,50～54歳,I10,600～700万円未満,271254,22475,1410.241,0.0051989685,0.062747097,0.082855921,0.0050101291
47201,那覇市,municipality,08,50～54歳,I11,700～800万円未満,271254,22475,778.6473,0.0028705468,0.034645041,0.082855921,0.0027544102
47201,那覇市,municipality,08,50～54歳,I12,800～900万円未満,271254,22475,514.22098,0.0018957176,0.022879688,0.082855921,0.0018120514
47201,那覇市,municipality,08,50～54歳,I13,900～1000万円未満,271254,22475,89.852015,0.00033124678,0.003997865,0.082855921,0.0003152819
47201,那覇市,municipality,08,50～54歳,I14,1000～1250万円未満,271254,22475,353.88248,0.0013046166,0.015745605,0.082855921,0.0012341492
47201,那覇市,municipality,08,50～54歳,I15,1250～1500万円未満,271254,22475,74.911877,0.00027616875,0.0033331202,0.082855921,0.00025955925
47201,那覇市,municipality,08,50～54歳,I16,1500万円以上,271254,22475,101.08434,0.00037265567,0.0044976347,0.082855921,0.00034665436
47201,那覇市,municipality,09,55～59歳,I01,50万円未満（就業収入なしを含む）,271254,20075,5371.0634,0.019800863,0.26754986,0.074008125,0.020081612
47201,那覇市,municipality,09,55～59歳,I02,50～100万円未満,271254,20075,1300.1921,0.0047932642,0.064766729,0.074008125,0.0050623468
47201,那覇市,municipality,09,55～59歳,I03,100～150万円未満,271254,20075,2096.1802,0.0077277393,0.10441744,0.074008125,0.0079278195
47201,那覇市,municipality,09,55～59歳,I04,150～200万円未満,271254,20075,1422.3729,0.0052436936,0.070852945,0.074008125,0.0053195139
47201,那覇市,municipality,09,55～59歳,I05,200～250万円未満,271254,20075,1724.3961,0.0063571268,0.085897687,0.074008125,0.0063920334
47201,那覇市,municipality,09,55～59歳,I06,250～300万円未満,271254,20075,1120.7196,0.0041316243,0.055826632,0.074008125,0.0041326943
47201,那覇市,municipality,09,55～59歳,I07,300～400万円未満,271254,20075,1750.7371,0.006454235,0.087209816,0.074008125,0.0063758392
47201,那覇市,municipality,09,55～59歳,I08,400～500万円未満,271254,20075,1123.2124,0.0041408141,0.055950804,0.074008125,0.0040256897
47201,那覇市,municipality,09,55～59歳,I09,500～600万円未満,271254,20075,1080.2783,0.0039825341,0.053812119,0.074008125,0.003858102
47201,那覇市,municipality,09,55～59歳,I10,600～700万円未満,271254,20075,1195.7966,0.0044084017,0.059566455,0.074008125,0.0042204764
47201,那覇市,municipality,09,55～59歳,I11,700～800万円未満,271254,20075,790.12374,0.0029128556,0.039358592,0.074008125,0.0027891113
47201,那覇市,municipality,09,55～59歳,I12,800～900万円未満,271254,20075,587.59435,0.0021662145,0.029269955,0.074008125,0.0020583669
47201,那覇市,municipality,09,55～59歳,I13,900～1000万円未満,271254,20075,125.66493,0.00046327403,0.0062597726,0.074008125,0.000437109
47201,那覇市,municipality,09,55～59歳,I14,1000～1250万円未満,271254,20075,180.08682,0.00066390475,0.0089707008,0.074008125,0.00062569664
47201,那覇市,municipality,09,55～59歳,I15,1250～1500万円未満,271254,20075,56.554128,0.00020849141,0.0028171421,0.074008125,0.00019555716
47201,那覇市,municipality,09,55～59歳,I16,1500万円以上,271254,20075,150.02744,0.00055308841,0.0074733471,0.074008125,0.00050615716
47201,那覇市,municipality,10,60～64歳,I01,50万円未満（就業収入なしを含む）,271254,19188,7498.2001,0.027642726,0.39077549,0.070738127,0.027995964
47201,那覇市,municipality,10,60～64歳,I02,50～100万円未満,271254,19188,1397.8687,0.0051533569,0.072851192,0.070738127,0.0053829908
47201,那覇市,municipality,10,60～64歳,I03,100～150万円未満,271254,19188,1949.2496,0.0071860676,0.10158691,0.070738127,0.0073067853
47201,那覇市,municipality,10,60～64歳,I04,150～200万円未満,271254,19188,1831.1762,0.0067507805,0.095433408,0.070738127,0.0067632157
47201,那覇市,municipality,10,60～64歳,I05,200～250万円未満,271254,19188,2021.9025,0.0074539085,0.10537328,0.070738127,0.0073845646
47201,那覇市,municipality,10,60～64歳,I06,250～300万円未満,271254,19188,1234.0561,0.0045494486,0.064313953,0.070738127,0.0044612315
47201,那覇市,municipality,10,60～64歳,I07,300～400万円未満,271254,19188,1466.4853,0.0054063178,0.076427211,0.070738127,0.0052465206
47201,那覇市,municipality,10,60～64歳,I08,400～500万円未満,271254,19188,568.86665,0.0020971733,0.029647001,0.070738127,0.0020103345
47201,那覇市,municipality,10,60～64歳,I09,500～600万円未満,271254,19188,332.05461,0.0012241464,0.017305327,0.070738127,0.0011560097
47201,那覇市,municipality,10,60～64歳,I10,600～700万円未満,271254,19188,119.14429,0.00043923513,0.0062093123,0.070738127,0.00041542996
47201,那覇市,municipality,10,60～64歳,I11,700～800万円未満,271254,19188,228.78646,0.00084343996,0.011923414,0.070738127,0.00078907017
47201,那覇市,municipality,10,60～64歳,I12,800～900万円未満,271254,19188,24.180135,8.9142042e-05,0.0012601697,0.070738127,8.320693e-05
47201,那覇市,municipality,10,60～64歳,I13,900～1000万円未満,271254,19188,96.625074,0.00035621622,0.0050357032,0.070738127,0.00033051798
47201,那覇市,municipality,10,60～64歳,I14,1000～1250万円未満,271254,19188,227.00088,0.00083685725,0.011830356,0.070738127,0.00077159653
47201,那覇市,municipality,10,60～64歳,I15,1250～1500万円未満,271254,19188,80.314388,0.00029608554,0.0041856571,0.070738127,0.00026838757
47201,那覇市,municipality,10,60～64歳,I16,1500万円以上,271254,19188,112.08898,0.00041322518,0.0058416188,0.070738127,0.00037230137
47201,那覇市,municipality,11,65～69歳,I01,50万円未満（就業収入なしを含む）,271254,20807,12266.663,0.045222054,0.58954501,0.076706703,0.045488712
47201,那覇市,municipality,11,65～69歳,I02,50～100万円未満,271254,20807,1864.1995,0.0068725235,0.089594823,0.076706703,0.0071017049
47201,那覇市,municipality,11,65～69歳,I03,100～150万円未満,271254,20807,1776.4417,0.0065489972,0.085377118,0.076706703,0.0066019387
47201,那覇市,municipality,11,65～69歳,I04,150～200万円未満,271254,20807,1148.1737,0.0042328361,0.055182089,0.076706703,0.0042131357
47201,那覇市,municipality,11,65～69歳,I05,200～250万円未満,271254,20807,1295.4443,0.0047757611,0.062260023,0.076706703,0.0046846207
47201,那覇市,municipality,11,65～69歳,I06,250～300万円未満,271254,20807,444.62521,0.0016391471,0.02136902,0.076706703,0.0015921398
47201,那覇市,municipality,11,65～69歳,I07,300～400万円未満,271254,20807,910.04868,0.0033549687,0.043737621,0.076706703,0.0032301876
47201,那覇市,municipality,11,65～69歳,I08,400～500万円未満,271254,20807,258.75928,0.00095393719,0.012436165,0.076706703,0.00090970775
47201,那覇市,municipality,11,65～69歳,I09,500～600万円未満,271254,20807,200.89558,0.00074061796,0.0096551922,0.076706703,0.00069733597
47201,那覇市,municipality,11,65～69歳,I10,600～700万円未満,271254,20807,124.33283,0.00045836314,0.0059755291,0.076706703,0.00042870706
47201,那覇市,municipality,11,65～69歳,I11,700～800万円未満,271254,20807,231.66534,0.00085405317,0.01113401,0.076706703,0.00079483903
47201,那覇市,municipality,11,65～69歳,I12,800～900万円未満,271254,20807,82.877096,0.00030553317,0.0039831353,0.076706703,0.00028154923
47201,那覇市,municipality,11,65～69歳,I13,900～1000万円未満,271254,20807,89.538565,0.00033009123,0.0043032905,0.076706703,0.0003059046
47201,那覇市,municipality,11,65～69歳,I14,1000～1250万円未満,271254,20807,0,0,0,0.076706703,0
47201,那覇市,municipality,11,65～69歳,I15,1250～1500万円未満,271254,20807,56.178568,0.00020710687,0.0026999841,0.076706703,0.00018751063
47201,那覇市,municipality,11,65～69歳,I16,1500万円以上,271254,20807,57.156676,0.00021071275,0.0027469927,0.076706703,0.00018870926
47201,那覇市,municipality,12,70～74歳,I01,50万円未満（就業収入なしを含む）,271254,17258,13016.358,0.047985864,0.75422167,0.063623025,0.048270414
47201,那覇市,municipality,12,70～74歳,I02,50～100万円未満,271254,17258,1144.2633,0.0042184198,0.066303352,0.063623025,0.0043007185
47201,那覇市,municipality,12,70～74歳,I03,100～150万円未満,271254,17258,1165.9824,0.0042984894,0.067561852,0.063623025,0.0042677714
47201,那覇市,municipality,12,70～74歳,I04,150～200万円未満,271254,17258,530.28173,0.0019549268,0.03072672,0.063623025,0.0019116487
47201,那覇市,municipality,12,70～74歳,I05,200～250万円未満,271254,17258,441.26031,0.0016267421,0.02556845,0.063623025,0.0015719368
47201,那覇市,municipality,12,70～74歳,I06,250～300万円未満,271254,17258,235.36407,0.00086768886,0.013637969,0.063623025,0.00082789974
47201,那覇市,municipality,12,70～74歳,I07,300～400万円未満,271254,17258,227.91836,0.00084023962,0.013206534,0.063623025,0.00079254181
47201,那覇市,municipality,12,70～74歳,I08,400～500万円未満,271254,17258,155.89131,0.00057470602,0.009032988,0.063623025,0.00053722421
47201,那覇市,municipality,12,70～74歳,I09,500～600万円未満,271254,17258,70.368151,0.00025941793,0.0040774221,0.063623025,0.00023952144
47201,那覇市,municipality,12,70～74歳,I10,600～700万円未満,271254,17258,100.8383,0.00037174862,0.0058429888,0.063623025,0.00034241801
47201,那覇市,municipality,12,70～74歳,I11,700～800万円未満,271254,17258,0,0,0,0.063623025,0
47201,那覇市,municipality,12,70～74歳,I12,800～900万円未満,271254,17258,29.868583,0.00011011297,0.0017307094,0.063623025,0.00010036311
47201,那覇市,municipality,12,70～74歳,I13,900～1000万円未満,271254,17258,26.106816,9.6244906e-05,0.001512737,0.063623025,8.6374165e-05
47201,那覇市,municipality,12,70～74歳,I14,1000～1250万円未満,271254,17258,26.43417,9.7451723e-05,0.0015317053,0.063623025,8.6713191e-05
47201,那覇市,municipality,12,70～74歳,I15,1250～1500万円未満,271254,17258,55.856509,0.00020591958,0.0032365575,0.063623025,0.00018536045
47201,那覇市,municipality,12,70～74歳,I16,1500万円以上,271254,17258,31.208419,0.00011505238,0.001808345,0.063623025,0.00010211921
47201,那覇市,municipality,13,75歳以上,I01,50万円未満（就業収入なしを含む）,271254,36633,34405.55,0.12683887,0.93919553,0.13505054,0.12703117
47201,那覇市,municipality,13,75歳以上,I02,50～100万円未満,271254,36633,763.7514,0.0028156319,0.020848727,0.13505054,0.0028686657
47201,那覇市,municipality,13,75歳以上,I03,100～150万円未満,271254,36633,403.96478,0.0014892491,0.011027346,0.13505054,0.0014797857
47201,那覇市,municipality,13,75歳以上,I04,150～200万円未満,271254,36633,171.21415,0.00063119492,0.0046737681,0.13505054,0.00061403261
47201,那覇市,municipality,13,75歳以上,I05,200～250万円未満,271254,36633,125.28136,0.00046185995,0.0034199044,0.13505054,0.00044729269
47201,那覇市,municipality,13,75歳以上,I06,250～300万円未満,271254,36633,103.85267,0.00038286132,0.0028349484,0.13505054,0.00036463219
47201,那覇市,municipality,13,75歳以上,I07,300～400万円未満,271254,36633,263.76563,0.00097239351,0.0072002192,0.13505054,0.0009158693
47201,那覇市,municipality,13,75歳以上,I08,400～500万円未満,271254,36633,102.92773,0.00037945148,0.0028096998,0.13505054,0.00035483221
47201,那覇市,municipality,13,75歳以上,I09,500～600万円未満,271254,36633,74.151447,0.00027336536,0.0020241707,0.13505054,0.00025136989
47201,那覇市,municipality,13,75歳以上,I10,600～700万円未満,271254,36633,39.229304,0.00014462203,0.0010708734,0.13505054,0.0001310202
47201,那覇市,municipality,13,75歳以上,I11,700～800万円未満,271254,36633,71.197365,0.00026247489,0.0019435308,0.13505054,0.00023928903
47201,那覇市,municipality,13,75歳以上,I12,800～900万円未満,271254,36633,0,0,0,0.13505054,0
47201,那覇市,municipality,13,75歳以上,I13,900～1000万円未満,271254,36633,0,0,0,0.13505054,0
47201,那覇市,municipality,13,75歳以上,I14,1000～1250万円未満,271254,36633,33.383488,0.00012307095,0.0009112955,0.13505054,0.00010928464
47201,那覇市,municipality,13,75歳以上,I15,1250～1500万円未満,271254,36633,30.401373,0.00011207714,0.00082989033,0.13505054,9.7754153e-05
47201,那覇市,municipality,13,75歳以上,I16,1500万円以上,271254,36633,44.329284,0.00016342352,0.0012100916,0.13505054,0.00014554289
